You are an expert in handwritten character recognition.

You are given a labeled training dataset of handwritten characters represented as point clouds.

Each sample contains:
- image width
- image height
- coordinates of black pixels
- class label

Your task is to classify the test samples.

Rules:
- Compare test samples only with the given training samples.
- Use geometric similarity of point arrangements.
- Focus on shape structure, position, and stroke patterns.
- Do not use external knowledge about characters.
- Do not describe machine learning algorithms.
- Output the predicted class for each test sample.
- At the end, compute classification accuracy using the provided labels.

Training dataset:

Sample 1
Class: A
Image size: 105x105
Number of points: 80
Points:
(82,71) (67,37) (63,29) (44,77) (28,45) (41,44) (30,44) (39,39) (78,76) (45,36) (56,73) (29,64) (48,35) (77,67) (82,54) (48,30) (47,30) (51,35) (71,43) (35,44) (77,60) (26,69) (64,29) (63,65) (19,42) (33,75) (72,72) (69,73) (65,54) (78,43) (40,56) (61,67) (51,45) (51,29) (49,78) (67,79) (49,39) (67,73) (80,49) (47,39) (58,43) (51,78) (64,49) (23,52) (65,35) (75,50) (21,50) (33,69) (59,44) (45,31) (39,76) (82,56) (57,63) (74,38) (16,52) (63,34) (77,64) (26,46) (28,71) (37,70) (16,51) (83,66) (55,41) (70,73) (58,34) (46,31) (48,73) (32,44) (72,78) (24,46) (44,36) (60,56) (43,71) (22,51) (51,39) (59,51) (58,50) (77,42) (53,73) (72,44)

Sample 2
Class: B
Image size: 105x105
Number of points: 80
Points:
(31,30) (29,43) (61,86) (62,52) (29,42) (36,80) (67,69) (68,55) (44,89) (35,49) (67,62) (29,28) (62,50) (27,25) (62,61) (61,72) (62,55) (59,29) (35,48) (55,89) (42,84) (67,71) (65,79) (60,39) (29,55) (28,39) (68,52) (46,89) (36,87) (68,54) (53,90) (30,76) (52,90) (35,72) (62,67) (65,38) (47,84) (56,83) (65,32) (28,27) (33,35) (66,40) (61,41) (35,75) (30,29) (61,70) (29,70) (31,81) (33,85) (35,53) (42,89) (58,22) (65,35) (35,87) (35,55) (67,64) (60,35) (68,58) (66,76) (34,41) (36,79) (60,20) (43,84) (29,44) (46,84) (65,34) (35,59) (62,46) (29,69) (66,41) (60,87) (62,85) (59,20) (62,62) (40,83) (23,24) (62,60) (68,51) (58,28) (29,52)

Sample 3
Class: C
Image size: 105x105
Number of points: 80
Points:
(73,53) (52,38) (46,39) (30,50) (46,37) (28,52) (36,40) (48,70) (53,62) (69,49) (68,52) (53,40) (74,43) (27,52) (47,56) (53,47) (65,40) (47,52) (62,40) (25,46) (64,46) (53,61) (57,46) (30,48) (53,51) (69,48) (34,40) (73,41) (68,40) (52,36) (41,46) (47,31) (47,55) (73,52) (69,40) (47,57) (67,40) (49,29) (52,37) (46,36) (47,66) (48,71) (52,32) (39,46) (53,55) (47,51) (70,41) (32,45) (52,71) (47,65) (53,64) (37,40) (52,68) (72,41) (29,52) (74,46) (59,40) (28,40) (47,61) (74,47) (45,46) (53,65) (25,47) (26,41) (30,51) (55,46) (51,31) (47,58) (38,46) (37,46) (52,34) (46,32) (47,64) (53,56) (54,40) (47,63) (47,50) (46,35) (35,40) (69,53)

Sample 4
Class: D
Image size: 105x105
Number of points: 80
Points:
(45,29) (58,71) (37,63) (49,26) (34,58) (45,28) (63,40) (40,65) (69,36) (47,21) (45,62) (61,72) (34,23) (80,20) (60,71) (56,20) (35,22) (46,35) (69,26) (37,54) (59,66) (57,66) (46,32) (44,52) (39,21) (62,26) (57,49) (74,19) (62,49) (69,38) (38,64) (63,41) (60,66) (57,26) (69,42) (69,32) (38,21) (64,71) (40,21) (55,43) (55,66) (67,67) (55,71) (58,26) (68,68) (50,21) (69,28) (44,21) (43,21) (40,35) (37,53) (73,25) (63,36) (69,20) (34,57) (52,70) (56,43) (46,38) (40,31) (63,35) (38,51) (35,26) (48,43) (49,64) (46,21) (77,19) (83,23) (59,71) (46,68) (63,48) (46,36) (52,49) (46,41) (44,61) (65,71) (49,43) (54,71) (63,72) (79,24) (36,26)

Sample 5
Class: E
Image size: 105x105
Number of points: 80
Points:
(19,54) (8,46) (27,45) (18,77) (46,48) (55,54) (39,55) (40,78) (44,51) (7,59) (27,51) (55,78) (47,72) (39,72) (69,53) (26,41) (9,45) (15,69) (69,54) (61,40) (55,38) (70,57) (66,46) (57,78) (18,54) (67,48) (66,71) (17,77) (68,69) (61,77) (51,39) (59,45) (27,44) (8,48) (14,77) (22,40) (64,62) (29,78) (66,47) (16,70) (60,46) (49,40) (54,56) (69,61) (24,40) (7,61) (64,53) (20,45) (64,60) (60,77) (14,67) (48,78) (22,53) (8,49) (19,49) (9,68) (16,40) (20,49) (68,67) (20,54) (61,48) (47,45) (8,64) (23,40) (29,72) (26,52) (68,50) (24,72) (7,60) (53,56) (41,52) (39,52) (27,50) (13,66) (51,57) (7,55) (47,43) (49,72) (64,74) (64,57)

Sample 6
Class: A
Image size: 105x105
Number of points: 80
Points:
(17,16) (36,23) (66,30) (18,26) (66,64) (33,31) (71,16) (63,22) (66,66) (42,50) (71,38) (71,34) (65,50) (72,67) (45,57) (36,44) (38,64) (48,26) (55,30) (37,17) (39,11) (37,58) (65,59) (51,26) (42,41) (71,49) (42,19) (74,79) (36,37) (73,69) (73,79) (72,23) (36,33) (37,57) (42,34) (36,47) (65,36) (42,46) (65,32) (48,61) (24,24) (49,26) (65,48) (42,43) (56,25) (40,69) (38,63) (42,33) (65,46) (65,60) (65,33) (36,32) (21,28) (46,64) (71,77) (71,35) (42,54) (42,51) (62,28) (54,54) (53,25) (72,78) (73,20) (71,31) (55,57) (73,71) (43,69) (65,37) (42,21) (71,29) (25,29) (71,26) (27,25) (70,15) (42,17) (30,30) (65,54) (44,68) (73,19) (37,53)

Sample 7
Class: B
Image size: 105x105
Number of points: 80
Points:
(52,53) (24,83) (49,67) (21,64) (36,40) (19,73) (57,71) (51,51) (52,58) (51,52) (48,42) (40,35) (19,69) (24,71) (32,18) (61,83) (24,75) (18,82) (53,76) (28,89) (32,31) (18,77) (30,54) (40,41) (45,38) (24,78) (23,89) (27,60) (52,56) (36,23) (53,62) (28,43) (24,81) (32,33) (29,56) (38,34) (26,84) (59,82) (56,69) (22,61) (21,63) (26,65) (44,47) (53,75) (47,55) (25,66) (24,73) (47,59) (46,54) (27,62) (52,55) (42,36) (58,74) (47,57) (23,56) (49,43) (28,85) (27,85) (19,68) (49,44) (47,60) (28,58) (25,67) (42,42) (18,76) (29,55) (31,27) (57,72) (44,45) (35,42) (43,44) (45,48) (24,79) (53,61) (37,27) (33,35) (33,36) (29,42) (22,89) (41,36)

Sample 8
Class: C
Image size: 105x105
Number of points: 80
Points:
(39,47) (26,36) (52,69) (48,69) (32,63) (66,73) (51,75) (71,35) (35,47) (55,69) (39,69) (50,32) (34,69) (34,74) (68,30) (64,67) (26,55) (43,75) (54,69) (67,47) (70,68) (61,68) (32,48) (44,69) (26,56) (75,72) (26,40) (54,47) (37,74) (39,41) (41,47) (36,74) (67,31) (68,46) (63,41) (32,64) (32,65) (56,74) (33,47) (33,68) (66,37) (44,75) (49,47) (52,75) (32,58) (66,47) (50,31) (69,46) (32,54) (26,51) (49,75) (29,72) (31,34) (26,61) (53,75) (45,36) (48,47) (45,38) (71,32) (36,41) (71,45) (60,41) (66,39) (46,47) (47,75) (71,73) (41,75) (53,69) (41,41) (71,68) (37,47) (34,41) (27,34) (50,47) (69,30) (59,74) (26,48) (28,33) (72,41) (32,40)

Sample 9
Class: D
Image size: 105x105
Number of points: 80
Points:
(75,21) (60,21) (55,21) (51,38) (78,29) (50,21) (80,75) (56,27) (45,38) (42,27) (35,58) (84,26) (54,63) (72,34) (63,57) (71,38) (74,46) (63,27) (76,72) (61,27) (49,43) (88,25) (71,65) (53,21) (71,64) (66,47) (33,50) (72,29) (78,21) (80,68) (47,38) (36,24) (75,42) (81,70) (87,26) (70,63) (61,21) (41,45) (75,61) (34,54) (34,47) (61,59) (69,44) (46,21) (34,53) (50,58) (37,25) (59,54) (57,46) (41,57) (71,54) (68,27) (74,60) (70,39) (81,74) (55,62) (47,58) (34,55) (57,39) (62,43) (48,38) (38,22) (58,40) (55,56) (54,57) (47,64) (76,73) (73,47) (55,44) (54,21) (53,58) (69,43) (71,27) (49,58) (77,32) (68,45) (76,38) (59,40) (80,69) (40,40)

Sample 10
Class: E
Image size: 105x105
Number of points: 80
Points:
(62,71) (34,20) (52,65) (50,33) (40,26) (30,37) (53,52) (57,60) (47,59) (58,60) (61,55) (37,20) (41,27) (46,41) (63,35) (46,52) (31,37) (30,42) (67,77) (52,48) (71,58) (68,70) (58,66) (54,47) (57,53) (68,69) (66,44) (58,47) (52,56) (46,39) (71,37) (47,36) (41,28) (58,33) (66,42) (61,66) (26,33) (41,35) (48,60) (25,40) (67,79) (55,66) (63,81) (46,40) (52,27) (59,33) (66,41) (28,36) (48,48) (67,32) (28,42) (36,20) (60,66) (49,28) (72,39) (44,23) (46,25) (41,41) (53,27) (35,20) (68,75) (66,40) (53,58) (61,59) (60,54) (72,46) (20,25) (23,38) (54,59) (59,27) (30,26) (67,51) (34,26) (67,76) (25,31) (20,31) (62,73) (29,42) (65,37) (25,28)

Sample 11
Class: A
Image size: 105x105
Number of points: 80
Points:
(58,48) (62,61) (43,43) (62,51) (68,50) (42,63) (49,52) (34,37) (43,62) (40,48) (65,42) (29,47) (71,46) (27,42) (31,69) (50,50) (71,44) (37,42) (45,49) (34,73) (46,26) (68,51) (38,60) (37,29) (32,74) (34,36) (67,52) (44,36) (50,39) (41,55) (32,28) (30,33) (33,38) (29,34) (57,48) (47,27) (66,63) (37,20) (36,43) (27,71) (67,56) (29,74) (42,47) (45,41) (34,23) (50,37) (33,41) (67,57) (27,41) (61,57) (30,47) (40,27) (61,56) (44,60) (63,64) (65,64) (38,69) (42,64) (44,35) (27,44) (37,30) (55,48) (27,73) (42,54) (43,32) (27,40) (30,32) (67,58) (40,67) (43,33) (29,69) (44,61) (39,68) (40,66) (27,46) (48,30) (41,47) (34,42) (35,43) (33,40)

Sample 12
Class: B
Image size: 105x105
Number of points: 80
Points:
(50,69) (73,72) (73,68) (18,64) (45,32) (56,78) (51,21) (53,63) (27,54) (84,78) (65,49) (45,18) (51,34) (54,49) (82,75) (58,77) (50,16) (34,50) (52,76) (68,44) (72,66) (79,70) (48,64) (51,50) (71,44) (52,77) (78,63) (55,68) (47,56) (53,61) (21,55) (21,54) (45,38) (37,44) (72,54) (72,61) (78,68) (31,51) (78,60) (57,73) (51,20) (48,65) (45,34) (51,53) (66,49) (45,41) (19,61) (56,70) (45,12) (80,72) (18,66) (78,61) (45,25) (33,45) (52,57) (24,69) (51,24) (74,47) (33,50) (55,43) (18,68) (51,42) (50,18) (84,79) (59,49) (36,44) (28,53) (74,73) (44,15) (48,61) (45,35) (52,49) (51,40) (51,41) (66,43) (51,51) (18,70) (36,50) (18,62) (78,67)

Sample 13
Class: C
Image size: 105x105
Number of points: 80
Points:
(33,61) (61,43) (33,59) (33,71) (62,38) (62,50) (44,40) (60,74) (65,65) (17,38) (72,33) (78,44) (63,53) (55,48) (59,65) (18,44) (33,29) (27,45) (43,46) (34,72) (54,71) (38,63) (64,38) (64,57) (58,69) (59,62) (66,48) (32,48) (39,70) (25,50) (75,47) (38,40) (54,43) (50,71) (24,43) (41,53) (66,32) (65,47) (38,61) (56,50) (26,51) (65,38) (32,64) (21,32) (23,37) (32,65) (34,73) (31,48) (35,35) (33,57) (33,68) (31,30) (54,38) (32,53) (67,38) (42,34) (64,60) (78,43) (43,48) (56,76) (42,52) (74,34) (22,48) (33,69) (43,50) (57,76) (32,63) (33,70) (53,76) (38,43) (46,77) (54,45) (72,42) (30,35) (39,56) (34,35) (47,77) (58,57) (17,39) (54,46)

Sample 14
Class: D
Image size: 105x105
Number of points: 80
Points:
(29,23) (69,23) (64,48) (28,24) (69,44) (71,52) (72,54) (39,61) (41,30) (40,40) (43,67) (61,59) (66,71) (63,34) (47,33) (68,33) (46,26) (69,82) (72,55) (62,39) (72,65) (72,75) (73,29) (57,39) (34,62) (47,42) (71,61) (34,22) (41,62) (58,44) (51,67) (62,31) (62,25) (49,61) (36,51) (72,76) (61,45) (60,60) (69,41) (56,61) (62,45) (68,36) (34,56) (72,64) (30,28) (60,39) (72,72) (72,73) (38,45) (64,22) (64,57) (54,43) (71,23) (70,81) (57,44) (56,39) (35,52) (54,38) (68,35) (70,29) (40,27) (62,23) (63,46) (48,61) (32,23) (72,74) (64,53) (47,29) (37,27) (68,48) (71,59) (41,37) (48,67) (71,53) (36,66) (53,43) (63,32) (48,42) (64,64) (42,50)

Sample 15
Class: E
Image size: 105x105
Number of points: 80
Points:
(74,73) (15,38) (76,55) (80,35) (81,38) (39,71) (27,43) (72,67) (17,71) (71,67) (64,51) (24,77) (10,61) (22,50) (27,36) (67,73) (58,51) (53,32) (27,45) (63,59) (52,38) (10,55) (30,50) (70,67) (30,71) (18,45) (76,62) (11,51) (17,76) (16,66) (45,50) (64,37) (60,43) (10,56) (58,32) (10,65) (39,61) (40,48) (44,64) (13,43) (76,66) (23,35) (10,66) (58,55) (16,69) (17,47) (81,66) (39,52) (30,38) (76,38) (62,33) (52,33) (26,47) (10,57) (64,36) (65,43) (76,59) (58,38) (20,51) (39,50) (69,67) (27,71) (81,68) (82,59) (82,52) (82,62) (19,71) (76,39) (64,52) (36,67) (74,36) (30,76) (76,56) (76,64) (28,52) (12,46) (49,33) (35,68) (76,42) (45,54)

Sample 16
Class: A
Image size: 105x105
Number of points: 80
Points:
(38,69) (61,44) (68,58) (39,31) (42,59) (78,80) (36,58) (42,27) (37,63) (37,48) (66,40) (68,33) (43,70) (38,30) (59,42) (57,88) (64,87) (72,84) (57,22) (45,26) (36,55) (44,45) (52,34) (55,82) (39,42) (55,27) (64,81) (44,42) (45,83) (74,42) (54,44) (63,54) (41,37) (50,20) (70,36) (68,34) (68,80) (74,45) (50,39) (50,32) (46,24) (42,35) (55,21) (69,44) (74,83) (70,53) (48,22) (72,46) (52,26) (37,66) (70,79) (67,32) (43,27) (39,73) (76,69) (80,77) (47,84) (41,32) (38,70) (74,76) (54,43) (65,86) (61,25) (79,78) (37,51) (83,70) (58,88) (60,24) (77,73) (72,63) (80,66) (40,75) (35,28) (36,29) (62,53) (70,85) (44,27) (63,47) (54,87) (61,87)

Sample 17
Class: B
Image size: 105x105
Number of points: 80
Points:
(29,58) (32,56) (78,63) (89,42) (49,46) (67,58) (41,55) (24,41) (10,51) (42,54) (71,58) (58,49) (41,33) (66,63) (67,33) (82,60) (44,60) (34,56) (69,64) (54,38) (87,50) (32,39) (49,48) (64,43) (58,47) (58,48) (73,64) (39,33) (20,42) (43,49) (36,61) (84,39) (88,45) (28,35) (62,62) (43,52) (56,32) (76,32) (73,32) (87,32) (63,49) (40,33) (27,65) (23,65) (83,45) (34,34) (47,56) (52,32) (46,58) (78,56) (16,43) (39,61) (88,33) (43,48) (64,44) (30,65) (9,49) (86,31) (21,41) (69,58) (19,42) (58,44) (44,33) (77,57) (48,54) (52,38) (29,35) (14,61) (81,52) (89,38) (46,33) (49,44) (58,45) (59,40) (57,57) (11,39) (48,49) (21,59) (76,58) (59,61)

Sample 18
Class: C
Image size: 105x105
Number of points: 80
Points:
(72,65) (38,27) (63,67) (18,50) (39,27) (32,42) (26,50) (35,52) (37,53) (77,53) (44,26) (57,37) (29,66) (22,57) (37,32) (32,37) (40,27) (48,32) (54,63) (34,46) (54,55) (40,58) (38,60) (44,53) (32,39) (22,55) (43,52) (66,52) (30,66) (69,66) (45,32) (60,28) (27,39) (59,28) (43,32) (59,59) (59,58) (36,61) (62,67) (17,58) (77,61) (62,33) (60,53) (17,59) (36,33) (41,50) (67,66) (37,61) (42,63) (34,52) (35,28) (56,46) (72,56) (70,66) (61,29) (22,45) (76,51) (62,45) (63,36) (19,49) (18,51) (67,52) (57,34) (62,61) (57,41) (62,35) (72,55) (75,63) (64,47) (64,61) (26,66) (22,54) (38,32) (78,56) (57,27) (39,59) (50,26) (59,60) (41,32) (54,52)

Sample 19
Class: D
Image size: 105x105
Number of points: 80
Points:
(73,56) (57,46) (57,56) (78,44) (34,68) (32,62) (57,45) (77,32) (87,18) (39,18) (57,37) (40,24) (32,74) (52,60) (39,49) (74,77) (58,66) (52,42) (74,18) (31,47) (53,78) (83,18) (77,26) (78,57) (57,44) (52,52) (69,18) (47,44) (48,79) (56,35) (37,71) (51,39) (81,24) (57,38) (43,73) (39,24) (68,18) (35,51) (73,61) (78,52) (59,24) (78,85) (42,73) (57,40) (72,40) (73,69) (58,76) (73,62) (79,75) (86,23) (77,25) (81,18) (85,23) (71,28) (61,24) (41,24) (26,59) (89,23) (58,72) (52,72) (58,63) (67,18) (43,24) (40,73) (32,61) (37,50) (41,49) (31,72) (72,55) (26,57) (28,48) (73,65) (80,79) (78,55) (58,62) (78,61) (78,60) (51,37) (45,79) (51,36)

Sample 20
Class: E
Image size: 105x105
Number of points: 80
Points:
(64,42) (57,66) (65,35) (39,68) (65,66) (11,57) (67,53) (61,33) (40,61) (60,70) (38,36) (5,58) (25,68) (37,67) (53,32) (62,33) (68,62) (5,55) (40,36) (46,37) (13,64) (25,74) (14,73) (55,32) (36,67) (20,74) (72,46) (71,58) (17,69) (32,70) (63,34) (52,37) (63,60) (43,37) (42,70) (72,44) (54,32) (20,51) (56,66) (56,71) (47,71) (20,43) (40,62) (12,63) (67,54) (32,64) (14,66) (34,60) (34,33) (6,60) (64,35) (39,59) (48,37) (27,73) (31,64) (72,54) (73,51) (19,42) (70,59) (41,37) (15,42) (34,61) (59,64) (69,40) (28,73) (41,63) (62,40) (57,71) (47,37) (48,66) (61,70) (34,62) (44,31) (72,45) (25,48) (40,60) (22,69) (13,47) (25,49) (13,42)

Sample 21
Class: A
Image size: 105x105
Number of points: 80
Points:
(61,29) (55,24) (17,37) (38,77) (77,26) (25,53) (33,75) (19,56) (52,72) (72,54) (41,20) (18,69) (49,38) (31,75) (70,63) (36,28) (19,61) (85,40) (53,29) (73,29) (82,30) (66,70) (64,64) (44,78) (81,29) (43,72) (24,46) (75,20) (87,43) (85,39) (67,69) (42,72) (50,33) (19,47) (71,62) (38,36) (62,73) (25,73) (57,76) (66,47) (21,33) (47,55) (51,33) (55,37) (25,50) (82,31) (18,40) (19,70) (43,58) (66,46) (25,49) (32,75) (22,36) (35,76) (24,41) (72,52) (19,55) (65,44) (64,29) (48,78) (19,32) (53,77) (19,62) (60,28) (89,33) (51,21) (69,66) (42,51) (63,40) (25,57) (78,26) (23,72) (19,54) (76,27) (48,25) (60,74) (37,35) (71,47) (66,53) (86,28)

Sample 22
Class: B
Image size: 105x105
Number of points: 80
Points:
(34,68) (90,39) (57,50) (66,68) (50,61) (84,31) (85,66) (53,35) (49,65) (80,71) (59,63) (85,51) (59,64) (85,38) (85,50) (89,31) (89,58) (91,40) (32,60) (58,44) (16,44) (53,33) (25,56) (48,69) (22,44) (34,69) (65,68) (33,82) (86,25) (58,38) (83,29) (57,53) (22,50) (91,44) (73,73) (32,80) (52,73) (55,67) (85,41) (31,56) (91,51) (51,57) (85,42) (57,34) (24,52) (34,67) (40,84) (35,83) (70,68) (57,36) (59,71) (41,78) (64,73) (88,28) (45,83) (75,72) (36,76) (29,52) (52,44) (57,56) (75,67) (84,25) (48,81) (82,61) (52,75) (29,67) (85,47) (52,39) (35,73) (50,62) (90,36) (47,73) (71,73) (35,72) (36,74) (88,29) (87,64) (89,33) (47,83) (80,64)

Sample 23
Class: C
Image size: 105x105
Number of points: 80
Points:
(75,48) (73,40) (41,69) (52,30) (68,47) (58,69) (44,32) (65,47) (38,40) (40,68) (66,63) (67,61) (66,34) (54,69) (60,59) (48,68) (50,69) (62,47) (54,35) (46,31) (67,47) (38,58) (63,47) (66,62) (69,36) (56,69) (45,65) (58,54) (39,66) (62,54) (73,61) (45,37) (64,72) (43,32) (39,67) (75,53) (57,30) (74,43) (70,37) (45,72) (68,68) (45,31) (69,46) (74,45) (74,55) (75,51) (65,71) (61,54) (55,75) (49,69) (72,62) (60,37) (74,42) (61,74) (47,31) (43,63) (61,47) (39,42) (51,35) (58,48) (66,52) (57,52) (67,52) (56,50) (43,71) (46,37) (67,54) (38,62) (72,63) (57,56) (74,41) (64,32) (63,52) (63,32) (65,52) (48,74) (70,66) (54,75) (59,47) (49,74)

Sample 24
Class: D
Image size: 105x105
Number of points: 80
Points:
(45,27) (31,48) (50,45) (43,46) (67,57) (38,55) (50,34) (48,57) (31,50) (63,25) (42,50) (47,56) (60,43) (25,26) (29,27) (25,54) (42,51) (33,61) (66,33) (23,25) (50,32) (26,57) (46,25) (30,31) (71,26) (44,40) (51,51) (31,51) (25,53) (35,25) (44,33) (44,58) (66,51) (25,52) (35,27) (29,32) (64,63) (56,53) (26,47) (26,44) (50,41) (30,30) (35,24) (33,36) (39,60) (36,61) (41,53) (44,30) (60,42) (50,42) (50,38) (60,44) (29,60) (44,37) (60,30) (66,31) (28,27) (49,58) (28,35) (30,28) (50,47) (66,49) (61,26) (68,67) (65,66) (26,45) (66,45) (60,33) (34,35) (68,60) (44,39) (35,32) (50,40) (30,60) (25,51) (59,51) (61,58) (44,31) (60,46) (56,59)

Sample 25
Class: E
Image size: 105x105
Number of points: 80
Points:
(64,54) (52,46) (58,77) (51,46) (51,79) (55,58) (56,24) (32,30) (14,41) (62,65) (29,48) (29,50) (62,70) (10,54) (9,42) (33,30) (37,83) (54,79) (22,78) (26,56) (17,65) (67,58) (61,30) (34,30) (56,47) (54,53) (54,84) (21,83) (47,24) (55,79) (31,30) (21,54) (46,30) (47,40) (52,30) (50,30) (53,41) (52,85) (62,72) (63,33) (10,42) (27,84) (17,39) (36,81) (59,24) (49,36) (17,31) (68,64) (28,38) (62,63) (19,62) (20,55) (17,25) (54,30) (61,59) (58,58) (55,30) (68,67) (18,63) (38,73) (40,84) (13,61) (60,41) (14,81) (47,85) (52,57) (40,24) (52,79) (19,83) (33,24) (11,25) (42,24) (65,77) (56,58) (63,37) (68,66) (21,32) (40,77) (16,58) (63,46)

Sample 26
Class: A
Image size: 105x105
Number of points: 80
Points:
(52,21) (59,73) (64,78) (47,48) (62,49) (55,72) (41,44) (75,63) (47,49) (51,69) (42,27) (44,26) (57,34) (70,67) (73,64) (63,70) (30,39) (61,54) (41,33) (49,51) (43,52) (53,55) (51,63) (32,32) (60,59) (69,74) (65,80) (36,30) (20,44) (70,70) (46,31) (21,46) (70,68) (42,44) (30,33) (49,29) (46,25) (60,61) (53,65) (43,44) (63,34) (44,53) (67,82) (63,37) (66,73) (75,70) (56,50) (63,19) (63,28) (60,62) (48,74) (70,69) (62,40) (48,83) (54,56) (63,24) (46,47) (55,73) (71,84) (50,71) (62,47) (52,77) (63,16) (47,30) (71,66) (44,32) (62,45) (60,58) (74,63) (48,24) (60,63) (55,25) (66,81) (31,38) (61,57) (65,79) (40,48) (77,61) (44,79) (40,47)

Sample 27
Class: B
Image size: 105x105
Number of points: 80
Points:
(42,90) (44,84) (42,85) (29,84) (42,45) (42,46) (42,42) (30,71) (25,70) (31,90) (60,67) (49,81) (54,69) (65,88) (43,48) (42,55) (22,84) (60,78) (60,71) (27,78) (38,35) (32,36) (31,35) (37,48) (62,86) (55,67) (54,76) (27,79) (28,75) (43,49) (28,84) (22,79) (34,90) (27,67) (64,94) (55,66) (37,51) (62,92) (30,84) (48,88) (35,65) (46,83) (60,91) (54,78) (43,90) (27,80) (54,77) (55,86) (60,81) (49,88) (68,91) (35,32) (60,69) (34,67) (40,85) (42,44) (60,72) (22,83) (60,65) (61,84) (36,33) (47,83) (51,86) (56,63) (60,82) (48,82) (40,59) (33,37) (53,85) (60,76) (37,52) (60,79) (54,70) (37,49) (39,61) (37,34) (27,82) (65,94) (42,54) (23,86)

Sample 28
Class: C
Image size: 105x105
Number of points: 80
Points:
(55,54) (41,47) (19,53) (64,35) (76,52) (64,66) (58,40) (75,52) (18,57) (28,62) (42,55) (32,68) (28,68) (70,30) (23,67) (54,34) (42,58) (73,40) (81,60) (75,47) (17,65) (61,55) (76,58) (35,50) (59,37) (71,54) (18,59) (29,48) (13,60) (16,49) (20,66) (69,67) (22,66) (38,63) (65,66) (53,43) (27,62) (13,56) (58,39) (28,43) (54,44) (62,60) (57,46) (37,42) (42,45) (76,66) (47,56) (69,47) (77,55) (42,48) (74,60) (44,44) (72,33) (41,61) (82,59) (44,50) (82,51) (30,48) (26,35) (56,45) (44,29) (27,67) (30,32) (31,48) (62,54) (16,64) (33,43) (35,69) (59,41) (42,40) (55,59) (23,44) (72,66) (43,44) (38,33) (46,62) (41,68) (67,61) (24,43) (26,43)

Sample 29
Class: D
Image size: 105x105
Number of points: 80
Points:
(59,17) (67,68) (63,34) (63,36) (32,18) (80,21) (37,53) (47,45) (63,60) (49,23) (36,17) (66,73) (59,23) (42,52) (37,61) (43,61) (69,27) (48,40) (69,44) (47,40) (62,18) (75,20) (69,35) (67,69) (53,17) (71,25) (63,53) (72,25) (52,17) (37,51) (63,63) (77,25) (49,40) (38,17) (35,41) (81,22) (49,45) (46,40) (43,58) (61,72) (62,67) (42,63) (47,23) (68,64) (37,60) (40,40) (80,25) (36,23) (62,23) (69,58) (58,39) (41,17) (50,45) (69,40) (37,52) (69,54) (39,66) (45,45) (74,20) (63,51) (31,21) (76,25) (50,23) (34,45) (54,39) (37,17) (60,39) (42,49) (69,36) (43,57) (37,40) (46,45) (69,41) (39,17) (43,46) (63,18) (39,23) (69,59) (34,43) (60,23)

Sample 30
Class: E
Image size: 105x105
Number of points: 80
Points:
(50,48) (55,70) (68,53) (53,72) (55,77) (66,38) (21,71) (12,32) (19,65) (58,38) (24,48) (63,61) (19,37) (18,37) (42,32) (20,53) (52,32) (14,49) (44,75) (63,60) (27,48) (55,48) (32,72) (41,57) (13,53) (49,75) (35,57) (44,80) (26,68) (17,37) (56,76) (32,37) (20,70) (48,75) (56,59) (38,79) (23,31) (23,56) (71,48) (61,56) (21,48) (21,31) (48,57) (39,31) (78,28) (40,57) (69,53) (10,36) (53,57) (34,57) (50,32) (58,32) (40,42) (25,55) (69,48) (77,31) (11,37) (52,73) (30,58) (26,53) (28,31) (16,54) (50,80) (73,27) (41,32) (17,54) (74,49) (78,27) (46,57) (11,51) (20,69) (49,80) (64,38) (26,74) (74,20) (38,48) (36,37) (48,81) (66,18) (43,75)

Sample 31
Class: A
Image size: 105x105
Number of points: 80
Points:
(83,34) (94,63) (85,25) (79,24) (58,52) (54,45) (67,72) (68,25) (89,61) (66,25) (83,25) (64,56) (72,24) (57,40) (41,51) (89,31) (67,30) (48,67) (79,67) (56,52) (79,47) (63,48) (63,54) (40,48) (35,48) (62,26) (41,71) (77,68) (88,61) (58,30) (40,68) (75,45) (28,29) (84,31) (86,61) (63,49) (81,61) (20,30) (34,35) (11,22) (19,24) (56,41) (43,56) (41,70) (90,61) (63,52) (83,61) (53,48) (82,35) (35,37) (63,55) (63,45) (77,30) (78,39) (58,32) (88,28) (51,52) (70,66) (17,23) (81,36) (84,33) (82,25) (87,27) (40,65) (73,24) (58,54) (62,65) (69,72) (80,24) (29,37) (78,24) (41,50) (37,54) (29,36) (64,25) (69,30) (53,59) (77,40) (75,63) (38,43)

Sample 32
Class: B
Image size: 105x105
Number of points: 80
Points:
(48,65) (54,70) (57,89) (64,45) (62,38) (18,44) (29,32) (57,86) (25,60) (43,37) (45,53) (69,43) (63,41) (45,19) (43,61) (53,68) (36,34) (55,77) (54,91) (18,54) (42,61) (62,57) (39,16) (64,47) (51,82) (53,89) (69,50) (27,60) (49,45) (56,53) (18,53) (55,32) (45,50) (24,35) (33,61) (45,55) (20,39) (61,37) (36,55) (45,18) (45,61) (30,60) (51,31) (45,51) (27,39) (19,40) (32,36) (49,46) (51,83) (41,24) (29,55) (69,49) (38,26) (32,61) (35,35) (40,17) (25,41) (50,50) (49,72) (54,71) (39,14) (46,22) (34,35) (53,67) (44,61) (30,37) (66,55) (43,36) (64,46) (23,44) (43,7) (60,36) (34,29) (23,52) (68,38) (40,61) (44,42) (63,50) (37,55) (31,61)

Sample 33
Class: C
Image size: 105x105
Number of points: 80
Points:
(59,51) (63,47) (50,47) (60,51) (62,57) (58,57) (50,57) (43,38) (51,57) (70,48) (44,43) (62,51) (64,48) (53,52) (43,31) (49,63) (44,45) (55,41) (48,27) (45,71) (43,62) (69,52) (60,47) (57,41) (67,42) (64,50) (44,46) (45,52) (46,47) (48,69) (54,51) (49,47) (56,57) (60,57) (67,56) (43,36) (61,51) (49,52) (63,41) (57,57) (43,34) (48,70) (54,47) (43,58) (43,37) (44,56) (44,69) (64,49) (43,29) (51,47) (43,63) (44,53) (69,53) (43,30) (52,52) (70,50) (48,28) (49,58) (45,26) (44,67) (52,57) (43,66) (43,40) (49,29) (58,51) (43,35) (46,26) (43,39) (48,47) (43,59) (44,42) (66,56) (70,47) (49,67) (49,61) (46,71) (45,47) (49,59) (44,57) (47,26)

Sample 34
Class: D
Image size: 105x105
Number of points: 80
Points:
(70,18) (64,63) (50,65) (46,53) (73,18) (77,18) (57,63) (47,36) (80,63) (40,37) (44,61) (73,76) (45,54) (74,25) (78,22) (33,21) (80,62) (40,25) (62,32) (68,27) (59,70) (44,63) (71,33) (51,41) (43,36) (82,49) (81,19) (79,43) (82,51) (59,57) (60,66) (63,32) (57,31) (58,39) (34,20) (60,74) (58,74) (45,19) (40,20) (74,45) (80,44) (82,58) (57,19) (53,73) (71,18) (61,25) (35,20) (76,60) (55,54) (56,74) (55,40) (81,20) (50,63) (50,19) (72,31) (47,30) (66,66) (45,36) (52,19) (67,19) (50,36) (65,64) (50,66) (62,74) (66,39) (67,29) (70,67) (37,25) (68,19) (57,25) (81,47) (69,77) (50,64) (75,46) (35,25) (82,60) (47,41) (56,19) (81,21) (77,54)

Sample 35
Class: E
Image size: 105x105
Number of points: 80
Points:
(33,52) (12,41) (17,63) (50,81) (49,82) (19,80) (14,67) (15,62) (26,37) (29,84) (60,57) (17,71) (24,74) (22,52) (32,64) (27,79) (10,66) (64,69) (60,49) (43,79) (38,85) (12,66) (53,41) (24,83) (60,60) (33,54) (61,40) (52,41) (27,57) (59,46) (65,66) (32,61) (65,64) (12,43) (12,42) (48,36) (10,61) (63,70) (33,57) (55,42) (64,44) (54,41) (58,69) (11,71) (29,79) (28,79) (49,76) (59,67) (24,37) (62,41) (26,64) (20,42) (52,80) (53,80) (14,62) (31,66) (54,36) (27,60) (9,68) (59,66) (30,79) (66,53) (36,79) (24,77) (65,47) (32,45) (7,61) (53,74) (12,46) (13,40) (60,47) (5,70) (27,58) (64,68) (6,61) (6,74) (23,41) (66,54) (25,84) (54,74)

Sample 36
Class: A
Image size: 105x105
Number of points: 80
Points:
(51,43) (57,66) (32,34) (60,37) (41,56) (45,21) (69,62) (47,59) (31,61) (30,59) (63,65) (65,59) (50,65) (47,84) (74,55) (44,58) (72,43) (43,70) (43,57) (71,41) (32,63) (44,71) (36,40) (62,38) (60,60) (49,60) (73,57) (74,48) (40,75) (69,54) (37,62) (66,35) (71,40) (72,42) (31,38) (33,64) (42,62) (50,84) (46,42) (34,29) (30,54) (54,33) (40,55) (74,52) (53,32) (38,60) (40,61) (30,53) (47,22) (58,60) (47,47) (53,60) (64,33) (67,45) (38,63) (39,74) (46,64) (39,73) (54,26) (36,68) (46,75) (34,65) (33,44) (72,59) (74,49) (40,30) (44,72) (36,39) (58,35) (37,36) (44,81) (60,30) (55,60) (67,44) (37,69) (36,27) (46,46) (48,78) (68,47) (30,55)

Sample 37
Class: B
Image size: 105x105
Number of points: 80
Points:
(59,68) (50,51) (56,49) (58,77) (67,76) (26,73) (56,61) (31,44) (30,52) (38,18) (24,68) (49,40) (30,62) (63,74) (30,69) (56,51) (50,55) (30,58) (66,76) (50,22) (40,24) (52,66) (36,33) (51,59) (24,60) (28,40) (33,28) (56,58) (50,56) (37,19) (50,53) (62,74) (56,60) (28,73) (26,43) (52,65) (49,38) (30,68) (26,45) (68,80) (43,16) (50,23) (30,34) (47,31) (25,50) (30,65) (50,50) (25,53) (50,54) (51,61) (30,54) (54,70) (26,46) (33,41) (50,42) (25,47) (58,66) (27,73) (24,55) (24,69) (50,49) (33,27) (49,39) (39,17) (30,48) (34,24) (35,36) (26,44) (69,80) (51,24) (46,26) (55,39) (34,37) (33,39) (50,46) (47,30) (56,50) (24,70) (52,63) (55,47)

Sample 38
Class: C
Image size: 105x105
Number of points: 80
Points:
(61,32) (70,45) (54,63) (51,62) (41,46) (65,40) (55,29) (40,40) (67,27) (50,67) (57,62) (66,32) (65,26) (54,68) (74,41) (37,61) (64,32) (63,61) (38,67) (60,35) (63,64) (46,39) (60,49) (75,35) (61,52) (75,34) (68,40) (61,53) (64,45) (65,46) (43,39) (50,45) (63,60) (70,36) (47,66) (35,61) (44,61) (68,45) (48,45) (56,27) (33,64) (39,60) (60,37) (33,73) (62,57) (49,67) (46,45) (61,26) (53,62) (60,38) (75,37) (69,39) (56,63) (71,28) (62,55) (63,32) (61,50) (46,66) (72,44) (67,40) (32,66) (61,46) (38,69) (51,39) (36,48) (39,50) (45,66) (64,40) (57,58) (40,66) (38,60) (47,45) (57,57) (58,61) (73,42) (36,43) (58,68) (59,67) (38,71) (33,65)

Sample 39
Class: D
Image size: 105x105
Number of points: 80
Points:
(39,18) (71,65) (49,23) (35,37) (34,23) (68,31) (67,35) (83,22) (48,24) (63,40) (49,69) (53,23) (35,51) (40,41) (35,48) (48,58) (51,23) (75,56) (71,40) (35,49) (74,24) (68,50) (43,65) (40,56) (57,65) (76,23) (65,56) (66,23) (69,50) (58,35) (52,23) (73,37) (49,50) (48,62) (68,17) (55,40) (45,17) (67,50) (50,23) (74,25) (68,56) (77,50) (61,65) (72,50) (40,45) (46,67) (70,50) (35,47) (56,70) (46,50) (38,18) (70,56) (56,17) (42,29) (60,35) (57,17) (54,34) (74,29) (67,23) (53,50) (69,71) (62,56) (81,22) (74,56) (82,22) (51,34) (59,56) (59,40) (58,56) (62,17) (57,71) (44,50) (60,56) (74,28) (40,49) (84,20) (65,71) (68,32) (63,35) (37,34)

Sample 40
Class: E
Image size: 105x105
Number of points: 80
Points:
(25,50) (16,38) (72,61) (32,38) (21,43) (8,42) (66,50) (67,60) (56,38) (43,38) (75,41) (21,72) (72,36) (21,73) (55,45) (58,38) (63,47) (71,45) (60,45) (48,45) (20,38) (41,38) (22,67) (72,53) (17,56) (17,72) (67,64) (77,28) (42,38) (16,61) (71,47) (7,37) (68,71) (67,67) (8,37) (35,38) (71,37) (24,51) (54,38) (72,58) (16,66) (23,54) (67,59) (19,49) (6,39) (22,45) (11,37) (59,45) (28,47) (40,38) (20,47) (7,42) (68,38) (15,43) (78,30) (29,47) (66,56) (72,54) (78,32) (76,40) (43,45) (66,53) (68,72) (19,50) (66,38) (16,43) (72,44) (55,38) (22,70) (68,23) (22,55) (66,52) (22,60) (16,57) (17,43) (67,66) (27,48) (20,74) (63,38) (71,29)

Sample 41
Class: A
Image size: 105x105
Number of points: 80
Points:
(59,79) (44,59) (38,47) (39,62) (65,46) (60,70) (24,51) (67,54) (31,52) (67,55) (54,82) (54,36) (50,68) (39,56) (40,30) (30,30) (36,34) (69,65) (46,25) (29,36) (66,39) (52,63) (52,65) (41,22) (44,45) (55,36) (67,53) (34,40) (42,51) (59,33) (40,57) (72,49) (35,33) (28,58) (60,40) (55,30) (43,59) (22,54) (40,48) (50,33) (60,33) (71,46) (68,67) (58,32) (72,47) (63,75) (70,63) (40,24) (53,35) (52,61) (40,32) (29,48) (51,58) (49,33) (45,34) (34,54) (67,57) (49,53) (44,37) (46,58) (63,36) (32,38) (33,32) (60,78) (72,56) (33,39) (45,60) (65,63) (45,33) (40,34) (56,37) (35,54) (47,49) (48,51) (40,33) (67,49) (49,27) (71,45) (64,73) (63,43)

Sample 42
Class: B
Image size: 105x105
Number of points: 80
Points:
(13,59) (65,50) (39,25) (41,47) (44,78) (49,58) (25,40) (48,47) (44,79) (45,29) (43,14) (43,56) (60,52) (35,40) (63,58) (17,62) (67,56) (55,42) (43,72) (40,30) (44,15) (60,50) (38,20) (39,13) (50,82) (41,39) (44,16) (49,69) (38,19) (49,72) (43,59) (64,45) (18,48) (22,41) (43,52) (15,56) (64,47) (43,58) (28,46) (30,46) (48,55) (18,46) (39,22) (65,52) (57,48) (43,67) (65,51) (40,31) (20,41) (43,68) (47,41) (44,21) (23,48) (46,37) (12,60) (49,65) (49,66) (50,42) (19,45) (49,78) (45,83) (20,58) (49,61) (43,53) (60,54) (17,53) (44,19) (43,64) (43,55) (33,46) (61,56) (29,40) (44,18) (30,40) (44,22) (49,63) (39,26) (38,46) (60,51) (48,51)

Sample 43
Class: C
Image size: 105x105
Number of points: 80
Points:
(35,30) (47,43) (43,64) (44,69) (41,64) (40,70) (39,37) (44,34) (38,29) (34,68) (32,35) (33,67) (37,29) (49,36) (31,56) (59,45) (46,58) (45,58) (38,42) (56,36) (53,49) (46,34) (51,42) (45,69) (43,29) (54,44) (45,53) (52,42) (47,58) (50,30) (39,42) (57,59) (31,63) (52,31) (50,68) (52,53) (58,57) (59,47) (43,70) (54,63) (44,59) (52,66) (59,48) (38,36) (37,42) (39,34) (49,59) (43,34) (58,39) (37,63) (42,28) (47,29) (47,69) (35,41) (56,60) (36,54) (53,48) (59,50) (55,35) (40,37) (45,29) (43,53) (33,39) (50,43) (58,41) (42,53) (49,43) (41,70) (31,64) (32,66) (54,64) (36,42) (59,44) (51,53) (41,29) (32,33) (41,34) (59,52) (37,69) (40,29)

Sample 44
Class: D
Image size: 105x105
Number of points: 80
Points:
(26,52) (71,22) (46,65) (54,42) (27,45) (36,47) (80,22) (52,72) (33,64) (43,20) (27,48) (69,32) (59,42) (56,73) (30,43) (42,41) (45,65) (68,75) (40,68) (69,31) (49,71) (43,41) (82,27) (42,20) (27,54) (49,21) (37,41) (47,71) (46,47) (40,47) (39,20) (55,48) (28,44) (38,25) (63,34) (45,70) (39,41) (32,56) (39,68) (66,22) (55,27) (53,42) (82,23) (58,22) (69,40) (65,69) (27,55) (53,48) (43,64) (79,22) (64,74) (83,23) (41,69) (85,26) (26,50) (74,22) (69,75) (58,73) (67,22) (36,60) (50,26) (34,42) (27,46) (66,46) (41,63) (49,42) (63,33) (52,27) (74,74) (39,26) (84,27) (85,25) (70,28) (32,63) (67,45) (32,53) (45,26) (71,70) (52,47) (69,34)

Sample 45
Class: E
Image size: 105x105
Number of points: 80
Points:
(41,66) (26,52) (47,66) (13,49) (35,39) (13,37) (15,42) (13,52) (58,72) (41,30) (33,45) (13,54) (20,41) (7,48) (70,56) (70,61) (21,68) (47,32) (75,51) (73,48) (40,43) (46,28) (75,62) (65,71) (68,70) (39,37) (46,66) (36,38) (16,41) (45,39) (42,24) (20,35) (7,46) (30,40) (62,44) (22,62) (70,58) (20,75) (32,75) (40,36) (48,72) (50,72) (64,48) (18,36) (35,27) (46,35) (74,65) (29,40) (25,37) (25,54) (46,30) (22,43) (43,72) (75,64) (64,66) (76,59) (39,64) (39,43) (24,56) (32,45) (13,44) (74,49) (21,50) (16,66) (21,41) (39,29) (16,73) (34,74) (37,73) (62,47) (33,75) (26,51) (65,66) (36,63) (55,66) (46,36) (17,60) (8,41) (75,63) (67,44)

Sample 46
Class: A
Image size: 105x105
Number of points: 80
Points:
(24,74) (66,61) (12,33) (69,72) (62,63) (49,92) (29,19) (59,46) (46,91) (42,82) (59,43) (27,58) (60,58) (65,41) (24,65) (23,60) (65,38) (48,47) (66,34) (44,29) (30,20) (60,38) (64,69) (62,30) (52,20) (54,90) (60,35) (55,22) (30,57) (30,62) (57,88) (69,68) (61,31) (31,28) (43,24) (66,32) (60,75) (48,32) (52,34) (61,62) (48,92) (38,85) (49,22) (41,88) (64,66) (45,43) (33,29) (35,29) (13,32) (24,69) (52,38) (40,80) (23,69) (51,20) (34,81) (57,80) (65,42) (25,65) (23,65) (74,26) (48,29) (37,59) (29,63) (13,38) (34,29) (26,59) (79,20) (38,24) (26,70) (75,19) (65,57) (25,17) (46,40) (29,71) (37,30) (75,25) (51,41) (62,82) (46,39) (71,22)

Sample 47
Class: B
Image size: 105x105
Number of points: 80
Points:
(37,25) (29,41) (42,85) (34,40) (36,36) (40,78) (38,58) (40,31) (37,59) (39,90) (37,62) (43,91) (31,35) (45,54) (41,50) (46,52) (35,39) (34,42) (36,67) (41,73) (40,52) (40,43) (33,83) (38,57) (28,45) (38,90) (34,86) (43,59) (47,50) (40,49) (35,38) (41,43) (34,24) (39,84) (42,61) (39,26) (42,43) (50,86) (47,44) (37,35) (35,75) (42,91) (45,53) (32,32) (48,46) (44,55) (39,82) (34,43) (38,33) (39,54) (41,68) (32,25) (33,48) (39,81) (30,38) (48,90) (39,83) (45,85) (41,85) (33,84) (31,29) (44,57) (34,85) (38,25) (35,44) (34,82) (47,90) (44,44) (32,33) (38,44) (29,48) (28,44) (41,72) (38,48) (41,65) (40,28) (28,47) (41,71) (35,49) (40,53)

Sample 48
Class: C
Image size: 105x105
Number of points: 80
Points:
(46,42) (44,38) (43,53) (34,32) (43,30) (32,46) (35,30) (29,47) (52,44) (44,35) (43,73) (45,48) (57,38) (33,50) (41,74) (52,32) (38,66) (34,34) (42,48) (44,57) (42,30) (37,51) (51,38) (43,51) (36,38) (34,31) (35,35) (57,47) (36,41) (36,40) (51,50) (57,44) (44,61) (35,37) (50,37) (35,36) (47,30) (36,30) (52,40) (30,46) (50,45) (54,50) (52,43) (44,67) (44,56) (52,39) (37,29) (52,41) (46,30) (43,37) (52,50) (38,59) (57,46) (33,46) (47,43) (38,62) (38,57) (40,29) (44,70) (34,33) (44,71) (36,51) (45,30) (37,43) (48,31) (57,37) (38,56) (32,50) (38,54) (44,54) (48,36) (44,64) (42,47) (49,45) (45,40) (44,66) (57,39) (44,60) (38,67) (44,47)

Sample 49
Class: D
Image size: 105x105
Number of points: 80
Points:
(64,68) (61,25) (68,45) (47,68) (62,69) (65,74) (63,41) (60,46) (70,25) (70,31) (42,60) (71,56) (69,54) (63,25) (60,25) (76,54) (81,31) (71,63) (69,46) (55,39) (47,60) (64,49) (44,31) (61,47) (54,25) (76,65) (57,37) (51,64) (59,45) (63,39) (58,74) (76,55) (53,67) (45,44) (63,48) (64,74) (46,31) (48,69) (69,31) (59,25) (57,38) (68,66) (71,57) (47,25) (54,45) (74,68) (58,45) (43,63) (76,66) (47,55) (66,51) (76,25) (69,25) (50,71) (47,41) (36,27) (79,26) (40,31) (51,72) (82,29) (71,25) (49,25) (48,40) (65,68) (70,55) (51,40) (38,30) (42,52) (52,65) (42,50) (52,31) (74,31) (72,58) (56,25) (59,75) (63,74) (62,47) (75,67) (73,69) (76,31)

Sample 50
Class: E
Image size: 105x105
Number of points: 80
Points:
(89,54) (53,81) (31,72) (29,23) (68,82) (23,69) (79,34) (18,69) (15,39) (88,38) (12,33) (78,33) (13,33) (7,56) (63,86) (62,63) (14,69) (34,53) (38,66) (9,74) (46,72) (11,28) (57,41) (4,68) (32,38) (84,67) (12,28) (51,66) (3,62) (2,50) (14,29) (48,72) (2,54) (76,65) (72,26) (82,62) (34,58) (34,59) (56,55) (26,74) (10,33) (83,48) (87,37) (2,58) (6,71) (62,60) (20,69) (76,32) (58,43) (81,70) (59,46) (5,69) (8,74) (53,79) (77,65) (21,29) (67,78) (5,40) (36,29) (22,75) (10,68) (7,38) (53,83) (47,27) (83,41) (29,44) (29,45) (23,29) (55,51) (6,28) (77,71) (15,29) (64,65) (3,45) (62,54) (72,65) (37,72) (21,75) (52,66) (10,36)

Sample 51
Class: A
Image size: 105x105
Number of points: 80
Points:
(34,21) (56,47) (45,59) (72,70) (56,68) (49,39) (54,69) (49,76) (60,56) (29,56) (20,38) (23,49) (20,30) (29,51) (33,21) (40,61) (21,25) (45,78) (42,44) (41,45) (21,46) (42,43) (60,49) (39,64) (53,74) (31,19) (28,16) (20,34) (26,39) (47,45) (46,48) (25,53) (40,50) (70,65) (67,59) (46,56) (71,68) (21,45) (50,69) (56,52) (57,74) (63,62) (37,31) (27,16) (52,74) (61,59) (48,77) (24,51) (40,52) (40,31) (39,70) (32,26) (59,55) (46,50) (58,54) (28,49) (26,41) (26,36) (55,74) (38,25) (45,63) (30,54) (20,35) (22,21) (47,71) (30,52) (45,65) (63,63) (45,61) (21,23) (43,41) (28,56) (64,74) (62,69) (60,57) (73,73) (46,52) (20,39) (40,77) (26,40)

Sample 52
Class: B
Image size: 105x105
Number of points: 80
Points:
(18,45) (45,23) (57,67) (18,25) (47,40) (22,80) (51,30) (24,50) (45,22) (52,35) (54,52) (16,36) (53,46) (27,61) (53,49) (20,55) (53,40) (57,66) (37,24) (52,67) (39,19) (13,21) (24,32) (28,71) (38,24) (26,56) (63,74) (48,45) (26,60) (48,26) (47,25) (14,33) (25,51) (54,59) (27,82) (22,66) (20,26) (53,47) (45,30) (13,22) (53,69) (19,50) (14,30) (48,47) (41,19) (17,12) (27,65) (47,42) (24,34) (14,29) (49,27) (60,69) (20,25) (22,63) (27,62) (21,59) (52,68) (49,56) (13,19) (28,75) (26,55) (13,15) (48,48) (51,31) (13,16) (24,39) (24,36) (48,51) (24,47) (21,24) (54,71) (48,46) (50,28) (27,20) (31,19) (48,44) (56,65) (63,73) (28,74) (48,50)

Sample 53
Class: C
Image size: 105x105
Number of points: 80
Points:
(38,68) (37,49) (38,62) (43,71) (38,63) (45,53) (39,53) (38,66) (35,34) (53,55) (52,55) (32,49) (50,54) (31,35) (32,72) (40,53) (32,48) (56,63) (31,37) (51,64) (32,59) (39,73) (36,38) (52,73) (32,46) (46,76) (40,73) (32,47) (32,67) (55,68) (56,64) (49,75) (56,58) (47,70) (57,62) (31,42) (37,45) (51,62) (39,78) (50,60) (33,33) (38,51) (49,54) (51,61) (32,73) (55,69) (39,59) (40,78) (38,60) (56,59) (44,71) (31,41) (32,70) (42,72) (31,39) (50,74) (51,63) (49,68) (31,40) (37,50) (36,39) (38,67) (32,58) (32,45) (41,78) (37,72) (33,77) (32,69) (38,64) (42,53) (32,63) (48,54) (32,51) (37,42) (38,73) (43,59) (32,65) (37,71) (32,57) (35,78)

Sample 54
Class: D
Image size: 105x105
Number of points: 80
Points:
(64,35) (32,23) (37,23) (74,24) (83,26) (38,64) (63,58) (54,29) (75,24) (44,59) (69,23) (28,25) (40,38) (35,35) (27,56) (38,43) (39,39) (63,56) (56,23) (74,29) (51,23) (64,42) (61,48) (63,43) (56,53) (29,28) (77,24) (54,23) (35,23) (48,29) (72,29) (70,44) (50,48) (56,54) (63,70) (70,39) (76,24) (50,49) (50,46) (78,29) (83,27) (50,51) (36,51) (39,40) (28,50) (56,57) (27,53) (63,29) (28,27) (45,29) (61,23) (59,29) (81,25) (64,52) (63,64) (27,58) (36,64) (77,29) (63,67) (60,49) (67,67) (45,23) (44,29) (37,58) (35,52) (64,54) (63,23) (70,38) (63,59) (40,64) (63,63) (35,34) (32,46) (48,59) (56,59) (63,69) (27,54) (40,37) (69,57) (32,47)

Sample 55
Class: E
Image size: 105x105
Number of points: 80
Points:
(50,63) (64,64) (38,61) (79,37) (52,24) (43,54) (63,59) (71,21) (24,17) (39,61) (77,24) (59,50) (45,48) (64,49) (39,25) (65,22) (62,74) (57,49) (63,33) (46,29) (32,34) (11,31) (14,21) (64,50) (81,28) (63,53) (21,37) (21,39) (43,29) (67,22) (59,47) (64,45) (63,55) (64,46) (73,22) (38,50) (59,46) (32,33) (64,23) (37,50) (67,72) (54,62) (28,17) (23,23) (58,40) (36,18) (29,16) (74,22) (63,58) (40,60) (36,61) (56,32) (35,51) (58,54) (73,27) (55,62) (29,64) (51,47) (81,34) (34,36) (50,47) (52,54) (64,78) (41,60) (48,58) (47,48) (43,66) (56,62) (49,47) (62,23) (20,23) (63,76) (65,62) (74,28) (30,16) (75,35) (29,61) (76,31) (59,53) (57,52)

Sample 56
Class: A
Image size: 105x105
Number of points: 80
Points:
(36,53) (31,30) (42,22) (42,37) (59,65) (35,34) (70,54) (70,45) (33,40) (71,39) (51,31) (46,53) (74,41) (70,60) (72,39) (70,51) (37,30) (51,55) (36,32) (70,59) (69,66) (44,33) (74,65) (43,15) (61,70) (46,22) (63,76) (59,57) (75,63) (61,67) (27,39) (41,38) (51,32) (52,29) (43,53) (76,49) (41,53) (70,55) (75,44) (36,47) (56,53) (23,52) (41,48) (75,59) (30,34) (50,55) (69,67) (44,48) (69,74) (22,49) (26,42) (46,40) (41,41) (39,48) (24,52) (36,33) (33,39) (66,66) (62,73) (22,50) (36,31) (55,52) (66,77) (64,63) (58,55) (61,71) (32,48) (52,56) (40,16) (74,68) (37,19) (40,53) (29,35) (41,23) (47,23) (23,47) (28,37) (24,45) (41,24) (42,48)

Sample 57
Class: B
Image size: 105x105
Number of points: 80
Points:
(81,41) (59,85) (86,69) (73,27) (82,54) (82,62) (83,33) (71,75) (44,79) (46,85) (78,70) (40,43) (48,85) (31,77) (60,57) (57,44) (81,67) (52,80) (82,48) (50,80) (59,78) (78,29) (82,56) (33,57) (82,59) (46,80) (88,50) (73,70) (53,30) (60,26) (63,45) (62,41) (73,75) (87,61) (57,43) (81,75) (56,80) (35,81) (66,55) (60,85) (84,73) (33,70) (69,74) (35,41) (62,83) (86,40) (35,49) (60,62) (80,39) (34,80) (69,31) (46,40) (55,39) (61,84) (28,68) (44,35) (60,56) (76,28) (82,60) (88,47) (75,70) (82,46) (41,36) (80,38) (34,73) (87,45) (65,25) (60,52) (87,63) (53,38) (52,38) (82,51) (66,74) (52,30) (76,75) (41,78) (88,49) (27,66) (85,71) (72,70)

Sample 58
Class: C
Image size: 105x105
Number of points: 80
Points:
(30,66) (49,36) (34,61) (51,78) (64,49) (64,46) (48,78) (46,36) (67,77) (59,44) (40,72) (60,78) (56,78) (67,71) (33,37) (62,64) (33,50) (44,49) (55,62) (37,66) (36,58) (57,49) (53,78) (30,76) (55,30) (65,38) (56,64) (60,72) (52,51) (54,51) (42,32) (41,61) (27,69) (59,69) (34,53) (58,78) (49,56) (56,31) (46,78) (28,68) (45,78) (42,78) (35,77) (61,32) (44,58) (51,47) (54,36) (42,37) (59,45) (57,78) (55,78) (54,30) (45,36) (33,49) (45,72) (64,37) (58,48) (50,72) (48,36) (65,43) (68,73) (41,32) (56,36) (63,33) (49,46) (41,52) (52,50) (61,53) (36,72) (65,69) (24,73) (24,72) (49,72) (59,60) (47,31) (26,70) (38,39) (34,36) (62,32) (66,77)

Sample 59
Class: D
Image size: 105x105
Number of points: 80
Points:
(25,21) (49,37) (52,38) (60,77) (75,19) (62,36) (53,53) (39,46) (29,48) (73,18) (33,56) (27,25) (48,61) (62,28) (65,24) (55,47) (56,62) (39,38) (69,24) (50,38) (40,45) (63,18) (55,64) (61,64) (68,24) (25,24) (35,19) (61,17) (55,69) (54,75) (61,47) (50,61) (61,62) (57,19) (57,38) (57,27) (51,42) (62,27) (36,50) (41,60) (29,25) (48,25) (41,29) (55,80) (41,33) (56,25) (25,23) (39,25) (60,67) (41,19) (56,63) (42,55) (51,19) (48,19) (62,32) (28,20) (41,26) (55,71) (55,56) (43,42) (42,43) (54,24) (62,30) (29,20) (39,37) (55,81) (49,19) (38,40) (49,56) (40,54) (36,42) (55,72) (74,24) (55,67) (33,44) (62,39) (37,52) (33,25) (57,39) (46,32)

Sample 60
Class: E
Image size: 105x105
Number of points: 80
Points:
(78,40) (34,75) (48,75) (43,69) (11,53) (76,42) (50,47) (38,36) (57,72) (45,75) (44,46) (59,56) (16,55) (65,53) (49,47) (31,46) (34,57) (11,63) (25,36) (59,36) (45,69) (53,68) (11,36) (21,43) (41,36) (17,61) (66,37) (65,42) (35,69) (9,36) (42,75) (8,36) (68,22) (10,59) (38,69) (78,24) (15,66) (64,65) (11,51) (16,67) (5,38) (73,26) (64,42) (11,62) (59,61) (11,56) (49,69) (46,36) (53,47) (22,49) (6,41) (63,66) (73,43) (34,55) (42,58) (35,59) (16,36) (12,50) (52,47) (59,58) (73,20) (20,70) (63,41) (29,69) (56,73) (54,36) (37,59) (51,36) (61,36) (21,64) (52,69) (44,36) (46,75) (44,75) (10,57) (73,27) (5,40) (17,41) (73,33) (66,42)

Sample 61
Class: A
Image size: 105x105
Number of points: 80
Points:
(65,48) (45,39) (70,24) (44,84) (74,38) (41,68) (64,47) (68,50) (43,64) (45,60) (62,25) (69,24) (65,82) (80,44) (62,32) (70,84) (53,68) (67,80) (80,41) (59,89) (30,41) (67,73) (58,70) (65,72) (79,35) (45,49) (35,83) (51,49) (46,48) (68,74) (58,29) (35,68) (33,40) (40,39) (71,52) (80,46) (62,46) (60,65) (57,65) (74,76) (73,16) (64,66) (38,34) (41,57) (51,35) (43,39) (68,67) (73,81) (26,42) (34,39) (50,34) (74,36) (79,34) (73,47) (69,76) (67,87) (44,33) (64,83) (79,53) (60,45) (40,88) (42,33) (47,84) (56,65) (23,39) (33,75) (31,35) (41,82) (49,53) (65,20) (74,39) (76,24) (78,33) (74,72) (39,75) (35,34) (34,80) (67,67) (49,34) (68,26)

Sample 62
Class: B
Image size: 105x105
Number of points: 80
Points:
(33,26) (26,38) (27,28) (54,68) (79,56) (63,73) (71,70) (40,76) (53,11) (32,41) (47,17) (71,32) (34,62) (34,74) (35,65) (68,66) (74,26) (26,33) (73,57) (64,73) (36,23) (49,73) (32,28) (37,75) (37,68) (77,38) (78,48) (29,63) (62,73) (54,73) (54,16) (32,34) (32,53) (32,54) (30,22) (43,19) (52,11) (76,30) (57,68) (67,67) (73,58) (29,24) (44,18) (68,27) (75,65) (58,74) (62,13) (62,68) (66,67) (41,20) (67,17) (71,21) (65,73) (31,69) (54,10) (28,60) (78,58) (32,52) (41,14) (61,68) (78,59) (79,53) (78,49) (53,73) (68,72) (45,18) (33,59) (37,22) (72,37) (30,66) (76,34) (46,17) (44,69) (33,57) (77,37) (27,29) (56,10) (47,11) (69,72) (56,68)

Sample 63
Class: C
Image size: 105x105
Number of points: 80
Points:
(33,27) (43,54) (45,75) (71,40) (50,79) (74,47) (69,56) (75,53) (64,35) (33,38) (25,58) (44,74) (38,67) (17,44) (68,44) (56,63) (74,57) (69,65) (22,54) (51,69) (17,46) (40,79) (69,55) (64,40) (17,57) (64,63) (27,64) (66,61) (38,39) (40,54) (70,64) (26,64) (41,47) (34,67) (69,51) (44,37) (47,75) (44,36) (17,42) (40,59) (48,80) (49,38) (41,35) (39,41) (24,63) (17,56) (75,50) (63,63) (52,69) (46,80) (42,79) (25,31) (17,55) (45,70) (32,27) (21,35) (55,37) (73,60) (40,69) (69,58) (63,34) (56,32) (74,44) (43,41) (61,33) (49,69) (46,29) (47,54) (41,63) (38,46) (65,68) (24,32) (25,39) (45,71) (35,62) (19,59) (35,27) (63,40) (46,75) (40,63)

Sample 64
Class: D
Image size: 105x105
Number of points: 80
Points:
(40,41) (64,26) (45,20) (43,75) (35,64) (30,65) (52,28) (71,76) (41,26) (73,81) (46,20) (39,49) (52,30) (44,80) (28,20) (35,26) (72,20) (42,40) (62,50) (40,48) (70,81) (60,50) (71,50) (34,74) (67,26) (35,65) (35,20) (63,20) (74,20) (37,69) (53,40) (73,70) (73,73) (33,48) (68,47) (46,27) (35,76) (30,57) (64,50) (73,72) (30,20) (47,36) (44,26) (31,51) (77,63) (80,21) (65,20) (35,63) (39,42) (34,47) (84,22) (72,64) (47,35) (78,67) (53,33) (68,55) (51,50) (32,71) (77,60) (53,31) (67,46) (70,57) (76,57) (42,20) (71,60) (53,35) (62,20) (53,50) (47,78) (77,26) (74,81) (47,28) (60,44) (72,51) (73,67) (32,20) (53,36) (47,33) (41,41) (75,20)

Sample 65
Class: E
Image size: 105x105
Number of points: 80
Points:
(62,60) (30,77) (68,55) (68,34) (61,69) (22,40) (22,65) (15,52) (26,56) (46,43) (17,71) (71,47) (47,40) (53,77) (21,41) (54,66) (15,42) (15,45) (46,45) (46,47) (47,42) (46,44) (21,42) (20,46) (58,72) (27,56) (28,39) (16,38) (54,38) (20,35) (32,77) (22,77) (45,66) (56,72) (58,32) (16,69) (65,33) (45,65) (32,57) (65,72) (20,52) (22,71) (40,48) (39,66) (17,67) (71,48) (57,60) (71,43) (30,71) (58,38) (24,34) (16,68) (60,61) (33,65) (67,68) (50,33) (56,66) (22,56) (18,60) (55,77) (71,39) (24,64) (26,78) (45,67) (34,64) (56,77) (59,32) (61,32) (31,77) (71,42) (32,58) (46,71) (39,37) (63,53) (30,56) (55,72) (15,47) (71,40) (37,69) (40,47)

Sample 66
Class: A
Image size: 105x105
Number of points: 80
Points:
(60,33) (88,35) (23,57) (42,70) (62,42) (63,44) (18,29) (75,58) (60,51) (85,30) (65,50) (42,76) (88,44) (57,44) (59,48) (89,36) (65,54) (74,28) (29,67) (45,25) (52,67) (46,75) (79,32) (20,24) (68,78) (56,36) (55,33) (57,65) (60,52) (74,45) (51,29) (29,26) (64,83) (48,26) (24,57) (38,18) (50,28) (73,50) (46,25) (38,71) (23,61) (26,63) (63,78) (90,39) (75,57) (79,38) (74,34) (29,66) (55,66) (73,20) (74,47) (19,24) (62,75) (49,27) (73,21) (74,31) (82,34) (25,57) (80,23) (68,84) (80,41) (61,35) (87,43) (68,65) (58,65) (88,34) (74,42) (76,18) (65,49) (81,24) (91,42) (33,75) (68,69) (58,29) (53,67) (55,72) (60,63) (25,28) (61,37) (62,43)

Sample 67
Class: B
Image size: 105x105
Number of points: 80
Points:
(28,58) (55,79) (54,76) (48,71) (21,30) (28,63) (53,52) (54,73) (47,38) (28,41) (42,58) (28,68) (28,66) (21,29) (47,40) (45,58) (22,49) (33,57) (35,57) (22,54) (37,52) (22,65) (39,52) (28,71) (53,60) (22,81) (22,72) (28,67) (47,43) (47,22) (22,36) (22,50) (53,51) (53,46) (28,65) (22,33) (21,32) (21,28) (22,75) (52,84) (53,26) (47,23) (50,81) (47,30) (27,33) (35,52) (53,39) (53,30) (28,64) (31,57) (28,49) (30,51) (46,52) (22,71) (53,36) (56,81) (53,41) (53,23) (24,24) (22,60) (28,75) (28,74) (51,83) (40,52) (27,37) (47,42) (54,72) (22,70) (57,82) (54,58) (22,76) (26,31) (30,57) (28,61) (34,52) (22,57) (48,19) (49,17) (28,81) (46,58)

Sample 68
Class: C
Image size: 105x105
Number of points: 80
Points:
(61,47) (33,67) (50,72) (25,28) (44,67) (37,67) (68,47) (56,62) (64,47) (73,42) (24,28) (40,73) (50,55) (48,41) (30,60) (51,63) (30,58) (26,46) (22,41) (51,57) (25,56) (64,41) (54,46) (74,33) (57,61) (73,44) (51,71) (71,46) (60,47) (49,72) (69,46) (51,60) (22,33) (38,41) (68,38) (63,47) (47,36) (25,66) (49,65) (26,52) (69,28) (22,40) (41,31) (23,29) (40,41) (74,35) (59,47) (74,37) (56,63) (23,43) (74,34) (44,28) (45,67) (63,41) (37,53) (51,61) (51,49) (54,67) (30,55) (25,67) (73,29) (26,53) (22,34) (47,39) (73,31) (56,46) (56,57) (28,33) (38,73) (37,41) (50,41) (27,46) (51,56) (43,28) (47,37) (25,57) (30,64) (25,46) (23,30) (53,41)

Sample 69
Class: D
Image size: 105x105
Number of points: 80
Points:
(69,66) (40,27) (69,70) (38,39) (42,67) (41,61) (59,52) (29,54) (34,33) (65,25) (64,78) (74,30) (30,45) (46,67) (65,50) (32,38) (68,58) (70,25) (59,40) (60,29) (65,42) (30,64) (35,54) (32,21) (34,34) (30,48) (60,30) (44,61) (65,43) (29,21) (43,67) (59,32) (35,60) (77,26) (59,44) (65,32) (55,67) (33,27) (29,56) (26,26) (35,58) (40,32) (69,74) (78,28) (76,30) (49,67) (59,42) (35,53) (64,80) (29,57) (30,65) (39,37) (24,22) (30,61) (59,58) (59,31) (65,44) (40,25) (48,67) (68,80) (35,50) (63,76) (50,67) (33,37) (66,82) (59,36) (69,76) (35,57) (39,67) (65,47) (64,79) (40,33) (31,26) (63,73) (35,66) (59,50) (36,46) (59,59) (60,66) (25,21)

Sample 70
Class: E
Image size: 105x105
Number of points: 80
Points:
(54,79) (25,71) (62,56) (68,45) (65,75) (54,28) (73,15) (18,69) (66,43) (26,34) (73,35) (54,74) (81,21) (59,72) (76,58) (69,46) (57,28) (19,57) (34,74) (75,55) (32,79) (70,60) (38,28) (18,68) (48,34) (67,36) (62,48) (27,71) (71,27) (64,27) (75,56) (81,22) (67,19) (26,28) (51,28) (78,17) (80,29) (69,27) (20,55) (81,28) (65,27) (18,63) (58,72) (56,55) (25,57) (64,69) (44,74) (69,65) (35,34) (69,20) (72,43) (18,33) (66,67) (52,74) (81,23) (70,15) (17,31) (30,72) (57,55) (81,25) (29,53) (46,80) (26,71) (74,21) (64,43) (23,61) (62,76) (76,48) (77,43) (42,80) (47,74) (73,20) (65,68) (40,34) (70,57) (65,19) (59,34) (76,25) (75,32) (68,56)

Sample 71
Class: A
Image size: 105x105
Number of points: 80
Points:
(66,27) (25,28) (74,67) (78,36) (74,55) (33,47) (39,34) (48,34) (45,55) (26,62) (79,37) (60,57) (80,60) (73,33) (74,56) (69,70) (78,48) (33,70) (78,28) (80,72) (16,61) (7,58) (28,45) (65,63) (61,51) (72,65) (71,62) (59,49) (67,28) (31,33) (73,77) (76,33) (28,56) (28,48) (64,54) (33,43) (68,32) (79,55) (34,59) (60,50) (55,44) (28,42) (76,42) (33,46) (73,48) (70,72) (14,61) (78,49) (71,42) (80,59) (44,37) (20,57) (18,56) (74,35) (50,46) (26,70) (32,38) (33,45) (42,51) (28,51) (73,47) (63,11) (64,19) (27,40) (23,59) (68,14) (28,55) (34,31) (33,41) (62,12) (27,41) (32,36) (62,16) (71,73) (72,64) (70,39) (59,56) (11,55) (66,56) (67,57)

Sample 72
Class: B
Image size: 105x105
Number of points: 80
Points:
(50,30) (19,23) (28,14) (26,40) (51,33) (45,20) (44,19) (50,27) (25,34) (42,78) (30,47) (50,26) (49,25) (25,27) (27,72) (20,30) (43,18) (43,46) (45,36) (34,46) (29,80) (48,24) (25,62) (21,17) (25,61) (51,31) (32,69) (48,41) (20,22) (21,42) (28,74) (30,56) (25,58) (22,47) (28,73) (20,19) (42,47) (36,51) (32,83) (43,84) (29,81) (33,71) (38,78) (25,35) (41,17) (27,68) (38,14) (26,67) (25,32) (25,33) (50,38) (44,37) (32,19) (37,78) (42,25) (26,64) (32,52) (41,48) (32,13) (34,51) (23,51) (28,75) (37,14) (45,30) (27,44) (29,14) (25,31) (27,45) (33,46) (37,20) (29,79) (22,43) (30,57) (19,25) (40,84) (36,14) (30,54) (20,36) (43,39) (35,78)

Sample 73
Class: C
Image size: 105x105
Number of points: 80
Points:
(43,75) (61,72) (22,41) (28,52) (55,68) (22,58) (65,66) (75,45) (51,44) (22,62) (45,40) (44,69) (41,75) (50,37) (52,74) (76,66) (70,55) (51,40) (23,72) (56,68) (45,44) (75,44) (73,69) (35,75) (28,50) (70,70) (66,66) (22,50) (36,75) (58,73) (46,54) (22,54) (45,39) (22,56) (54,68) (75,60) (75,40) (75,42) (61,67) (22,68) (52,64) (22,63) (51,49) (70,60) (70,62) (45,35) (46,59) (69,47) (28,63) (75,68) (69,45) (74,68) (22,37) (28,53) (46,50) (28,65) (51,46) (74,37) (75,57) (49,34) (52,62) (69,42) (31,69) (42,69) (27,35) (52,61) (28,51) (47,74) (46,51) (69,50) (51,74) (57,73) (46,55) (23,70) (45,45) (72,34) (46,65) (59,73) (22,55) (75,47)

Sample 74
Class: D
Image size: 105x105
Number of points: 80
Points:
(39,23) (54,38) (44,33) (38,75) (46,38) (36,23) (72,55) (54,22) (43,23) (64,46) (59,44) (73,27) (59,22) (42,39) (57,46) (56,34) (34,46) (68,63) (28,26) (54,41) (70,60) (52,71) (56,66) (30,24) (63,30) (43,33) (69,62) (72,53) (50,69) (61,22) (70,22) (60,35) (38,66) (56,40) (68,42) (69,61) (51,47) (70,28) (69,43) (40,44) (43,44) (42,75) (33,40) (58,34) (49,38) (40,23) (66,36) (65,22) (63,68) (52,38) (68,33) (58,28) (47,43) (51,28) (76,23) (55,46) (38,65) (37,74) (41,34) (36,49) (39,35) (41,70) (59,28) (44,49) (40,41) (57,72) (51,42) (67,51) (54,67) (48,28) (47,33) (45,70) (45,33) (33,41) (59,65) (50,28) (46,49) (55,28) (61,69) (55,41)

Sample 75
Class: E
Image size: 105x105
Number of points: 80
Points:
(70,28) (28,64) (46,62) (25,32) (59,32) (59,39) (39,32) (74,21) (25,40) (58,51) (27,51) (25,39) (27,55) (54,69) (40,38) (42,32) (61,32) (19,32) (32,32) (73,20) (64,68) (32,69) (19,38) (40,68) (58,64) (13,37) (64,67) (57,74) (56,44) (69,31) (58,74) (64,57) (33,32) (22,60) (37,68) (27,57) (31,70) (58,46) (27,48) (22,59) (45,57) (35,32) (48,32) (63,32) (10,37) (61,22) (21,51) (69,18) (24,38) (8,37) (63,72) (68,32) (75,32) (75,27) (55,32) (64,54) (64,58) (33,40) (27,56) (63,37) (27,53) (58,50) (65,23) (46,68) (27,47) (38,39) (22,49) (23,65) (58,67) (64,62) (64,61) (56,69) (53,75) (63,23) (46,61) (20,32) (58,55) (21,56) (62,37) (37,61)

Sample 76
Class: A
Image size: 105x105
Number of points: 80
Points:
(40,71) (75,61) (42,18) (75,72) (48,60) (32,70) (32,79) (40,19) (78,36) (62,48) (61,64) (76,61) (42,50) (59,48) (64,66) (76,30) (55,63) (63,48) (30,77) (36,20) (34,26) (72,66) (49,82) (63,65) (45,22) (56,69) (62,23) (72,34) (68,74) (76,71) (65,25) (74,61) (50,63) (47,52) (62,65) (59,16) (77,33) (72,65) (71,74) (78,39) (69,45) (49,83) (75,29) (63,24) (70,23) (47,79) (42,54) (58,21) (43,70) (48,59) (69,69) (75,28) (42,58) (38,72) (48,58) (63,18) (76,31) (42,53) (51,73) (56,85) (66,26) (36,26) (65,19) (53,63) (50,50) (71,50) (40,65) (60,48) (53,78) (40,24) (38,25) (54,15) (34,78) (76,45) (50,16) (38,66) (50,69) (55,69) (62,71) (55,15)

Sample 77
Class: B
Image size: 105x105
Number of points: 80
Points:
(35,71) (40,56) (36,32) (24,31) (40,68) (36,77) (35,54) (41,51) (41,45) (35,50) (20,23) (34,70) (51,80) (33,19) (18,33) (40,63) (23,35) (40,72) (40,73) (40,64) (41,30) (38,20) (24,29) (41,26) (23,21) (41,39) (29,20) (45,82) (28,20) (34,67) (40,70) (36,36) (36,38) (20,24) (46,77) (30,25) (41,46) (41,28) (41,27) (36,35) (40,66) (34,65) (35,74) (51,81) (20,40) (36,76) (40,24) (48,78) (17,38) (41,40) (36,42) (39,21) (35,48) (25,21) (17,36) (40,53) (26,26) (34,25) (17,35) (35,73) (35,46) (47,77) (40,58) (44,76) (40,71) (42,35) (36,40) (36,37) (23,34) (31,20) (42,32) (41,74) (36,39) (42,36) (41,43) (18,40) (35,26) (18,31) (40,52) (41,47)

Sample 78
Class: C
Image size: 105x105
Number of points: 80
Points:
(67,57) (32,54) (68,70) (80,75) (56,76) (35,60) (37,43) (47,76) (84,74) (46,70) (65,70) (60,76) (44,70) (66,49) (45,76) (66,51) (46,57) (39,51) (48,23) (60,41) (46,28) (79,69) (57,76) (50,51) (48,76) (49,65) (32,65) (50,32) (49,58) (79,59) (84,73) (63,76) (52,51) (52,24) (64,76) (47,51) (42,57) (32,53) (42,35) (62,57) (58,57) (58,70) (77,71) (70,57) (47,24) (38,41) (30,59) (75,63) (28,75) (46,29) (72,48) (36,58) (78,58) (51,77) (37,70) (34,70) (44,31) (67,76) (69,43) (38,70) (41,46) (58,76) (32,69) (73,70) (55,58) (49,69) (54,33) (26,75) (66,57) (84,72) (54,26) (81,75) (61,34) (63,45) (41,57) (57,29) (28,62) (72,70) (65,47) (29,75)

Sample 79
Class: D
Image size: 105x105
Number of points: 80
Points:
(39,56) (65,29) (84,27) (45,50) (42,51) (33,23) (63,46) (39,59) (76,23) (63,66) (67,39) (52,54) (42,64) (50,49) (73,33) (49,71) (59,29) (32,27) (67,54) (51,23) (67,30) (79,23) (41,63) (45,68) (46,22) (56,66) (72,66) (52,28) (74,29) (58,52) (46,50) (64,51) (47,28) (81,24) (67,70) (41,28) (67,31) (50,23) (42,65) (73,55) (48,71) (36,22) (47,50) (54,23) (73,51) (72,65) (55,23) (83,24) (69,70) (45,22) (67,32) (61,51) (79,29) (75,29) (73,47) (73,46) (62,71) (44,51) (67,62) (34,28) (50,28) (54,28) (64,46) (33,27) (41,22) (47,70) (53,72) (39,53) (57,72) (62,46) (46,28) (59,47) (67,41) (57,29) (68,23) (57,52) (66,71) (57,23) (40,28) (48,22)

Sample 80
Class: E
Image size: 105x105
Number of points: 80
Points:
(64,52) (19,67) (46,23) (19,26) (62,46) (48,23) (43,24) (11,49) (20,47) (65,28) (35,61) (11,61) (41,64) (58,50) (60,63) (34,43) (22,41) (17,42) (60,29) (19,66) (16,58) (39,24) (30,52) (49,59) (32,26) (61,24) (35,52) (63,24) (35,51) (21,41) (42,65) (58,52) (23,32) (19,32) (71,26) (37,32) (34,44) (67,28) (53,65) (16,42) (29,41) (30,51) (16,54) (70,19) (54,23) (16,53) (22,26) (59,42) (35,53) (10,52) (53,28) (53,34) (53,42) (35,62) (53,59) (30,26) (10,56) (38,25) (27,47) (43,59) (45,65) (57,23) (51,39) (11,58) (25,47) (63,60) (63,47) (27,32) (19,64) (29,32) (33,59) (13,28) (58,53) (30,42) (48,30) (29,49) (58,49) (31,42) (11,59) (25,32)

Sample 81
Class: A
Image size: 105x105
Number of points: 80
Points:
(39,30) (71,64) (81,64) (24,24) (57,70) (61,69) (74,56) (25,50) (69,26) (50,59) (77,59) (54,47) (89,39) (65,54) (38,25) (31,47) (64,30) (83,38) (59,44) (38,23) (45,60) (38,26) (74,65) (52,73) (40,43) (21,40) (68,50) (57,64) (70,64) (38,22) (83,24) (21,33) (28,28) (75,57) (48,72) (67,63) (83,82) (40,12) (53,72) (74,28) (79,28) (35,47) (31,53) (83,37) (59,43) (51,62) (50,57) (32,47) (70,31) (39,32) (56,65) (45,39) (40,38) (49,56) (83,78) (55,65) (57,38) (89,46) (64,69) (26,41) (71,24) (44,58) (43,13) (79,61) (30,52) (48,44) (44,27) (88,37) (60,42) (44,54) (38,21) (47,69) (44,55) (21,42) (44,26) (26,37) (38,18) (26,34) (88,46) (82,68)

Sample 82
Class: B
Image size: 105x105
Number of points: 80
Points:
(11,88) (44,71) (41,93) (12,65) (44,70) (44,72) (10,75) (44,84) (13,56) (60,52) (44,78) (37,50) (14,54) (38,85) (61,70) (61,68) (44,73) (16,51) (44,62) (30,50) (34,50) (33,44) (59,45) (36,44) (55,50) (44,79) (15,75) (35,50) (19,48) (36,50) (38,73) (67,76) (65,89) (15,74) (40,93) (38,53) (62,76) (38,81) (8,85) (38,76) (16,68) (18,57) (65,53) (31,44) (12,87) (44,80) (18,58) (62,80) (66,60) (10,73) (16,69) (45,44) (47,44) (38,86) (15,79) (38,69) (64,49) (44,87) (9,79) (62,46) (44,50) (68,82) (66,61) (62,77) (9,82) (44,82) (68,89) (64,48) (66,58) (15,78) (43,93) (22,46) (8,84) (38,87) (44,64) (39,90) (55,44) (16,67) (44,83) (9,78)

Sample 83
Class: C
Image size: 105x105
Number of points: 80
Points:
(58,49) (49,53) (57,50) (41,59) (54,43) (59,48) (54,44) (68,41) (63,41) (37,37) (41,31) (40,62) (47,42) (41,58) (55,40) (49,32) (36,66) (41,51) (41,60) (38,37) (32,74) (47,32) (38,71) (38,31) (60,41) (57,51) (55,32) (65,33) (41,53) (53,32) (47,41) (41,40) (66,33) (41,61) (41,41) (47,40) (45,30) (62,32) (39,37) (34,36) (46,49) (54,45) (41,57) (41,68) (55,39) (47,63) (51,37) (40,31) (68,43) (39,63) (68,35) (35,36) (46,52) (46,48) (53,46) (68,37) (63,33) (36,73) (62,38) (41,45) (68,42) (34,74) (60,32) (38,64) (47,45) (31,73) (48,55) (46,64) (41,43) (43,66) (41,46) (41,48) (48,32) (41,49) (51,50) (47,39) (48,38) (55,54) (53,56) (65,47)

Sample 84
Class: D
Image size: 105x105
Number of points: 80
Points:
(45,65) (51,36) (39,49) (44,50) (46,60) (55,39) (60,28) (44,65) (38,56) (36,22) (71,40) (79,57) (44,49) (41,44) (50,23) (77,24) (56,46) (80,55) (68,39) (59,45) (67,39) (65,39) (78,24) (54,38) (76,50) (43,59) (45,37) (45,32) (72,63) (60,45) (50,30) (80,43) (35,22) (34,22) (63,23) (38,53) (42,64) (30,26) (71,57) (54,46) (45,35) (69,40) (45,38) (70,31) (46,23) (41,23) (75,24) (58,23) (69,34) (38,27) (37,27) (73,23) (41,28) (76,48) (70,30) (32,27) (53,38) (64,41) (38,60) (67,23) (69,58) (44,40) (38,55) (61,44) (59,38) (51,29) (66,23) (60,23) (39,50) (51,45) (59,23) (77,38) (58,39) (45,30) (80,56) (64,23) (38,61) (63,32) (82,50) (79,26)

Sample 85
Class: E
Image size: 105x105
Number of points: 80
Points:
(18,31) (70,54) (34,49) (60,35) (40,58) (46,59) (66,28) (12,50) (23,63) (32,38) (32,28) (62,23) (80,26) (79,26) (80,56) (29,63) (81,37) (34,50) (58,19) (43,53) (52,31) (63,59) (13,59) (59,15) (62,24) (13,60) (60,46) (81,38) (60,31) (20,62) (81,42) (79,46) (19,57) (60,15) (75,53) (32,62) (18,53) (34,52) (61,49) (53,47) (78,26) (21,36) (34,46) (15,61) (51,52) (65,29) (56,56) (68,54) (60,44) (13,43) (72,60) (19,41) (40,47) (55,26) (51,58) (60,59) (31,27) (18,45) (67,54) (54,43) (26,27) (18,51) (33,40) (60,34) (24,33) (18,55) (67,24) (76,59) (86,33) (87,40) (18,62) (50,58) (82,52) (28,27) (78,49) (77,30) (67,23) (16,34) (66,20) (25,63)

Sample 86
Class: A
Image size: 105x105
Number of points: 80
Points:
(39,65) (65,38) (24,59) (40,52) (48,29) (76,62) (65,69) (19,42) (72,59) (55,62) (55,57) (62,21) (60,25) (21,46) (48,28) (48,45) (49,78) (57,26) (40,54) (66,32) (15,37) (39,70) (70,71) (49,62) (59,57) (45,73) (56,62) (37,33) (42,79) (38,64) (62,38) (15,30) (56,78) (33,33) (53,22) (34,58) (44,67) (55,27) (24,39) (40,76) (26,70) (27,33) (55,21) (59,33) (66,68) (74,27) (47,31) (58,57) (74,66) (58,33) (32,65) (14,32) (52,32) (71,59) (44,65) (38,67) (25,38) (72,35) (29,57) (64,78) (24,54) (26,44) (75,32) (39,74) (33,64) (36,63) (31,33) (48,43) (66,37) (47,83) (42,45) (53,39) (58,82) (45,55) (57,33) (59,75) (23,50) (59,63) (45,33) (49,57)

Sample 87
Class: B
Image size: 105x105
Number of points: 80
Points:
(40,49) (32,21) (29,32) (53,27) (24,64) (51,34) (47,17) (37,77) (35,25) (42,17) (35,37) (34,26) (37,54) (29,69) (48,76) (29,31) (43,41) (29,33) (52,52) (49,80) (48,73) (48,68) (29,49) (49,36) (31,21) (38,37) (40,78) (46,54) (48,60) (48,69) (41,17) (53,83) (38,48) (37,38) (28,30) (40,81) (29,27) (30,62) (34,82) (40,79) (40,44) (31,75) (31,42) (28,54) (45,22) (46,38) (34,29) (52,33) (33,76) (27,78) (30,37) (29,35) (30,22) (48,62) (42,42) (48,71) (45,49) (53,58) (24,74) (34,28) (44,22) (33,82) (49,19) (36,77) (58,79) (53,29) (36,24) (54,72) (48,57) (45,39) (31,47) (28,29) (38,46) (48,27) (43,48) (54,68) (31,40) (37,24) (25,76) (54,71)

Sample 88
Class: C
Image size: 105x105
Number of points: 80
Points:
(24,49) (41,56) (55,77) (18,53) (38,70) (43,68) (37,48) (74,77) (29,54) (36,66) (59,58) (18,55) (48,63) (26,48) (64,34) (53,37) (20,61) (46,43) (58,78) (75,73) (19,51) (52,63) (24,57) (57,62) (34,49) (45,57) (69,40) (40,73) (60,83) (47,79) (62,78) (56,78) (60,60) (60,30) (42,75) (54,57) (34,63) (69,75) (31,57) (30,49) (55,30) (69,73) (58,35) (56,35) (60,78) (73,81) (65,34) (69,74) (71,83) (75,70) (65,78) (47,42) (54,77) (49,80) (51,57) (49,40) (59,30) (69,72) (18,57) (28,48) (50,57) (48,41) (52,31) (23,63) (42,49) (46,78) (49,33) (57,78) (43,48) (46,72) (41,53) (73,67) (53,30) (69,38) (74,69) (47,63) (75,74) (66,84) (41,55) (42,40)

Sample 89
Class: D
Image size: 105x105
Number of points: 80
Points:
(56,61) (81,39) (62,74) (51,21) (69,54) (45,68) (54,42) (41,21) (32,29) (31,44) (59,42) (32,51) (49,61) (39,20) (57,32) (34,65) (60,58) (41,72) (37,23) (61,58) (37,73) (78,76) (42,33) (74,31) (84,35) (79,56) (32,30) (40,65) (32,52) (63,74) (71,74) (64,59) (37,72) (45,33) (67,74) (75,74) (87,33) (41,39) (53,41) (67,37) (74,53) (41,69) (54,47) (72,37) (42,21) (52,22) (31,43) (75,40) (80,49) (64,52) (67,53) (33,55) (66,31) (56,51) (79,55) (35,69) (72,80) (47,38) (75,42) (74,79) (41,68) (53,70) (64,80) (32,23) (64,32) (56,50) (47,25) (52,24) (75,44) (59,32) (45,38) (37,24) (37,28) (37,32) (37,29) (41,71) (79,31) (65,53) (81,31) (72,54)

Sample 90
Class: E
Image size: 105x105
Number of points: 80
Points:
(75,27) (25,52) (28,67) (59,74) (35,39) (49,69) (20,59) (62,67) (34,69) (67,27) (19,52) (20,44) (26,34) (20,47) (28,73) (74,57) (64,66) (52,75) (74,58) (75,56) (55,69) (31,74) (36,75) (41,69) (75,53) (46,75) (80,53) (42,42) (81,49) (75,46) (54,69) (25,62) (75,51) (32,33) (43,40) (79,59) (19,51) (40,69) (26,42) (75,41) (56,74) (25,51) (42,43) (81,42) (21,41) (81,47) (21,39) (73,32) (25,55) (50,75) (32,39) (32,69) (20,62) (75,43) (75,44) (43,75) (71,30) (79,58) (36,69) (58,74) (81,41) (33,74) (25,53) (30,39) (68,28) (21,66) (23,70) (37,40) (75,55) (26,41) (70,23) (35,75) (25,71) (19,57) (75,52) (81,51) (49,75) (45,75) (33,69) (19,58)

Sample 91
Class: A
Image size: 105x105
Number of points: 80
Points:
(52,29) (55,67) (72,21) (80,32) (66,72) (78,29) (44,51) (67,19) (46,60) (50,78) (76,44) (42,65) (40,54) (76,26) (74,52) (59,24) (46,77) (78,82) (82,41) (87,74) (63,70) (81,44) (64,48) (37,42) (66,19) (69,25) (49,71) (47,26) (61,69) (46,58) (48,68) (45,52) (71,76) (79,76) (60,69) (59,54) (46,59) (80,33) (51,63) (64,54) (46,56) (65,54) (56,19) (67,48) (58,53) (71,53) (44,73) (37,44) (63,64) (54,62) (62,64) (69,48) (76,36) (47,63) (51,75) (46,76) (49,33) (44,43) (77,50) (53,67) (48,70) (53,53) (64,24) (77,75) (67,54) (54,26) (64,18) (47,62) (82,81) (61,48) (76,39) (74,72) (66,66) (75,73) (74,32) (43,42) (37,41) (45,55) (70,48) (67,72)

Sample 92
Class: B
Image size: 105x105
Number of points: 80
Points:
(68,63) (43,19) (60,46) (48,75) (61,46) (32,64) (59,72) (36,60) (31,41) (59,17) (51,16) (34,32) (73,44) (59,46) (56,80) (52,80) (36,61) (42,28) (53,46) (36,54) (38,35) (53,81) (67,43) (44,18) (70,27) (73,45) (67,22) (55,75) (35,51) (64,74) (63,62) (44,73) (71,56) (44,44) (48,80) (69,61) (63,51) (62,66) (46,74) (54,17) (39,33) (53,22) (34,31) (72,47) (31,60) (71,29) (47,50) (40,22) (48,45) (30,51) (66,54) (65,20) (54,46) (55,46) (67,68) (51,23) (67,66) (37,37) (72,35) (61,24) (72,33) (60,70) (36,48) (73,46) (47,45) (68,24) (40,69) (57,74) (45,50) (71,30) (49,17) (35,30) (39,67) (50,46) (52,51) (32,63) (66,53) (42,49) (62,25) (36,40)

Sample 93
Class: C
Image size: 105x105
Number of points: 80
Points:
(63,41) (21,66) (41,47) (46,45) (15,68) (58,70) (68,74) (85,66) (17,67) (79,74) (58,67) (74,74) (72,40) (72,58) (31,63) (67,37) (73,40) (25,41) (80,34) (57,64) (56,56) (54,53) (52,57) (29,41) (49,62) (80,68) (83,66) (77,55) (61,43) (78,74) (50,53) (23,35) (74,40) (23,41) (70,74) (30,41) (67,74) (65,47) (52,53) (22,41) (32,47) (24,41) (82,37) (63,60) (64,40) (81,34) (36,65) (28,62) (30,35) (41,46) (18,40) (25,35) (30,72) (34,66) (78,68) (34,36) (45,63) (57,48) (31,35) (68,36) (49,53) (84,72) (75,34) (75,39) (21,41) (15,69) (30,47) (75,68) (59,46) (39,45) (62,73) (77,56) (16,39) (32,41) (35,52) (71,68) (40,57) (43,42) (20,66) (38,70)

Sample 94
Class: D
Image size: 105x105
Number of points: 80
Points:
(38,38) (73,61) (60,21) (56,25) (63,12) (73,64) (39,37) (45,36) (41,42) (66,34) (52,66) (57,12) (28,37) (50,58) (73,48) (26,36) (32,54) (59,26) (81,35) (73,47) (29,50) (62,52) (51,63) (67,37) (73,51) (61,27) (49,44) (63,30) (63,57) (72,26) (73,63) (64,31) (67,60) (50,48) (47,42) (68,70) (61,17) (71,22) (55,45) (58,60) (62,28) (55,50) (42,42) (73,56) (38,44) (73,54) (50,37) (68,69) (55,42) (29,53) (43,36) (61,21) (29,49) (66,35) (62,12) (51,60) (58,26) (50,51) (29,54) (51,64) (53,23) (63,29) (24,32) (64,51) (57,26) (32,34) (59,21) (67,48) (48,36) (56,46) (49,36) (65,51) (72,29) (76,37) (51,61) (73,41) (46,41) (63,51) (29,48) (66,51)

Sample 95
Class: E
Image size: 105x105
Number of points: 80
Points:
(24,45) (29,47) (38,33) (12,23) (60,65) (55,42) (50,21) (57,21) (27,28) (58,45) (24,46) (58,27) (28,57) (13,22) (71,18) (45,21) (38,65) (22,21) (35,70) (29,21) (29,46) (63,61) (64,18) (13,27) (39,39) (29,55) (31,35) (70,24) (30,34) (5,57) (11,57) (44,21) (50,65) (34,21) (22,60) (45,65) (24,48) (53,65) (6,46) (15,68) (56,43) (43,27) (46,33) (63,45) (6,47) (29,30) (11,50) (16,36) (57,68) (45,71) (6,50) (30,50) (62,16) (52,65) (66,19) (17,41) (55,21) (40,39) (21,42) (50,34) (41,71) (36,39) (61,41) (13,43) (66,20) (68,26) (30,51) (11,60) (24,67) (19,63) (31,26) (36,34) (30,64) (43,39) (29,45) (51,21) (30,52) (28,61) (11,51) (20,62)

Sample 96
Class: A
Image size: 105x105
Number of points: 80
Points:
(27,66) (71,66) (82,61) (36,62) (66,66) (37,33) (40,64) (39,22) (29,55) (74,41) (51,63) (48,67) (38,53) (33,70) (70,72) (34,50) (47,84) (74,43) (69,44) (54,22) (48,18) (41,21) (56,29) (78,51) (32,50) (43,80) (27,67) (47,18) (35,84) (77,70) (77,48) (73,53) (38,26) (28,59) (77,49) (72,50) (40,57) (33,50) (76,71) (66,39) (72,39) (40,39) (63,71) (46,44) (82,67) (33,25) (50,74) (33,23) (43,44) (38,28) (76,47) (62,34) (45,17) (82,65) (36,45) (51,20) (36,61) (74,71) (40,58) (69,66) (82,64) (35,58) (55,42) (29,75) (47,67) (46,17) (49,44) (80,54) (75,44) (72,66) (51,26) (37,63) (60,26) (51,74) (69,72) (47,38) (77,63) (32,64) (65,72) (71,48)

Sample 97
Class: B
Image size: 105x105
Number of points: 80
Points:
(41,51) (45,59) (13,63) (21,68) (71,53) (15,70) (37,34) (44,73) (28,54) (51,58) (76,56) (38,27) (44,59) (38,74) (45,67) (14,55) (25,39) (41,74) (32,39) (71,76) (60,61) (41,57) (37,32) (35,74) (23,73) (41,68) (65,67) (26,54) (65,61) (29,35) (52,59) (16,71) (74,67) (46,73) (53,60) (45,53) (59,67) (35,56) (18,72) (30,68) (76,73) (71,52) (31,20) (19,72) (20,53) (40,74) (50,70) (37,68) (19,57) (24,73) (13,68) (34,74) (37,30) (74,72) (34,68) (32,50) (49,55) (34,50) (57,67) (13,61) (37,31) (75,53) (58,67) (13,57) (43,58) (38,51) (38,56) (73,78) (33,55) (54,67) (48,55) (27,44) (33,50) (23,53) (37,22) (76,55) (18,60) (35,68) (68,68) (31,74)

Sample 98
Class: C
Image size: 105x105
Number of points: 80
Points:
(63,64) (39,63) (42,34) (66,48) (26,44) (63,50) (63,43) (42,32) (50,43) (58,59) (44,60) (65,43) (38,54) (71,50) (61,40) (72,53) (57,63) (52,30) (44,56) (52,49) (38,59) (43,29) (58,71) (39,64) (47,66) (42,35) (25,44) (58,52) (70,43) (46,64) (42,33) (48,66) (67,48) (56,66) (74,44) (64,54) (47,71) (50,35) (22,48) (58,62) (58,56) (63,62) (46,38) (34,43) (52,36) (58,51) (76,56) (56,49) (41,37) (77,49) (58,54) (71,51) (58,58) (21,50) (38,43) (55,49) (46,65) (63,63) (44,52) (46,37) (44,58) (54,66) (47,44) (77,51) (54,72) (22,47) (58,57) (44,57) (49,71) (29,49) (29,43) (53,38) (47,36) (54,40) (28,43) (64,43) (33,49) (49,66) (45,43) (21,52)

Sample 99
Class: D
Image size: 105x105
Number of points: 80
Points:
(42,15) (59,48) (36,52) (30,42) (56,69) (38,20) (45,40) (31,53) (51,44) (64,47) (57,68) (54,35) (66,36) (60,24) (26,41) (29,41) (40,40) (48,10) (47,64) (40,60) (54,11) (37,65) (41,15) (47,69) (59,66) (50,35) (57,35) (51,53) (30,43) (41,40) (36,64) (44,69) (58,21) (49,35) (41,45) (55,43) (38,10) (58,43) (58,35) (24,40) (54,17) (48,35) (22,40) (28,35) (62,26) (39,45) (43,63) (46,64) (30,44) (64,36) (52,16) (62,47) (46,44) (53,40) (62,18) (55,69) (61,35) (37,50) (47,15) (63,40) (50,44) (62,59) (36,53) (50,40) (30,46) (53,69) (37,11) (35,15) (45,64) (30,30) (35,63) (42,45) (37,23) (44,9) (62,43) (30,34) (62,62) (39,40) (43,40) (37,56)

Sample 100
Class: E
Image size: 105x105
Number of points: 80
Points:
(72,47) (86,48) (25,52) (36,59) (24,76) (85,49) (39,82) (41,70) (76,66) (20,73) (64,74) (26,50) (28,60) (38,53) (59,81) (75,67) (81,62) (25,55) (73,47) (43,70) (81,68) (82,53) (54,69) (46,69) (53,79) (31,57) (78,41) (86,41) (44,78) (42,85) (51,85) (81,57) (75,47) (78,73) (35,60) (25,53) (33,44) (80,69) (45,85) (30,71) (56,83) (39,51) (33,53) (51,79) (29,49) (84,39) (61,76) (33,71) (74,73) (73,74) (75,55) (38,54) (82,60) (76,63) (48,69) (31,71) (81,55) (76,56) (33,54) (20,71) (73,53) (40,70) (25,51) (29,43) (81,63) (30,58) (79,72) (19,69) (48,80) (76,73) (83,38) (52,74) (19,67) (56,69) (31,56) (49,69) (27,71) (58,82) (26,60) (81,46)


Test dataset:

Sample 1
Class: A
Image size: 105x105
Number of points: 80
Points:
(45,76) (63,34) (40,26) (66,81) (38,46) (34,44) (66,43) (23,38) (64,81) (35,33) (64,76) (65,69) (53,31) (65,73) (70,57) (53,26) (52,26) (34,32) (25,43) (28,44) (21,64) (36,74) (41,26) (24,71) (60,41) (40,80) (50,76) (34,79) (44,57) (43,43) (38,59) (32,73) (62,46) (46,25) (57,82) (33,38) (32,79) (15,52) (31,38) (24,43) (59,82) (64,51) (21,55) (38,32) (44,53) (38,52) (37,74) (44,45) (57,27) (46,81) (29,60) (21,68) (18,37) (15,55) (49,31) (22,70) (15,48) (65,75) (39,75) (70,53) (65,72) (65,40) (35,79) (44,31) (34,28) (56,76) (21,44) (63,47) (62,32) (71,59) (24,76) (15,54) (35,38) (38,54) (21,53) (15,43) (61,76) (61,45) (26,77) (49,76)

Sample 2
Class: B
Image size: 105x105
Number of points: 80
Points:
(68,25) (30,61) (62,62) (31,33) (36,56) (58,68) (70,37) (70,32) (67,51) (63,46) (64,39) (30,63) (36,66) (65,57) (32,36) (30,66) (29,43) (45,69) (47,69) (67,23) (70,36) (54,73) (65,20) (56,71) (35,42) (69,47) (33,39) (68,24) (70,35) (58,58) (31,68) (32,72) (31,70) (30,64) (30,54) (63,47) (36,63) (62,51) (64,31) (28,39) (30,31) (27,38) (30,58) (59,56) (41,69) (58,59) (62,49) (44,75) (55,72) (35,45) (52,74) (40,69) (66,54) (66,53) (64,28) (66,22) (26,30) (31,32) (36,62) (64,32) (36,49) (36,60) (57,70) (69,46) (40,75) (61,64) (30,52) (30,56) (33,38) (59,57) (62,17) (27,30) (37,69) (31,71) (30,44) (51,74) (28,41) (30,50) (36,65) (36,51)

Sample 3
Class: C
Image size: 105x105
Number of points: 80
Points:
(54,19) (66,59) (53,68) (50,41) (52,50) (52,61) (39,39) (58,50) (52,32) (66,55) (66,41) (35,56) (69,65) (72,54) (53,39) (53,38) (47,45) (52,66) (35,39) (31,52) (52,62) (58,51) (54,68) (58,54) (72,43) (72,49) (57,20) (58,32) (44,45) (72,41) (52,40) (58,25) (72,60) (36,53) (58,28) (52,29) (66,49) (52,27) (66,51) (58,34) (52,59) (30,57) (37,49) (52,52) (36,39) (52,67) (57,62) (57,64) (61,47) (71,39) (72,62) (58,39) (33,42) (72,46) (66,56) (67,63) (65,47) (31,51) (38,48) (58,33) (68,40) (45,40) (58,26) (41,44) (53,21) (30,54) (58,52) (46,40) (30,55) (44,40) (55,19) (58,27) (52,26) (66,54) (55,67) (58,22) (39,44) (72,61) (72,50) (48,40)

Sample 4
Class: D
Image size: 105x105
Number of points: 80
Points:
(38,34) (40,58) (74,25) (66,62) (43,18) (75,63) (40,65) (31,56) (69,29) (65,44) (73,22) (77,15) (32,16) (46,46) (74,39) (50,45) (67,44) (37,54) (76,12) (75,16) (42,13) (63,44) (63,38) (58,17) (43,30) (36,23) (64,62) (33,50) (47,18) (73,21) (32,53) (49,13) (41,48) (50,63) (59,12) (67,11) (32,15) (74,28) (73,19) (31,58) (62,44) (41,13) (66,19) (51,44) (61,11) (56,44) (44,32) (32,51) (39,35) (53,63) (31,59) (36,19) (47,36) (42,26) (34,13) (73,65) (75,62) (50,38) (42,66) (31,57) (67,61) (61,62) (41,19) (70,61) (52,13) (41,22) (46,13) (43,67) (45,13) (69,28) (64,17) (60,63) (37,30) (40,12) (49,68) (48,45) (41,66) (58,63) (45,62) (51,38)

Sample 5
Class: E
Image size: 105x105
Number of points: 80
Points:
(62,45) (53,42) (27,51) (65,44) (76,45) (70,61) (30,38) (32,49) (47,68) (33,51) (30,34) (32,28) (67,74) (30,36) (50,74) (39,43) (38,71) (71,55) (72,33) (71,44) (35,58) (32,47) (70,39) (35,67) (53,74) (71,49) (69,73) (58,74) (41,36) (35,38) (30,37) (60,36) (66,39) (35,46) (25,47) (76,42) (77,54) (72,70) (60,69) (38,45) (40,32) (66,35) (33,65) (37,46) (39,31) (29,28) (71,53) (24,38) (71,45) (24,40) (67,67) (57,74) (68,65) (66,74) (74,36) (34,34) (35,39) (54,74) (67,30) (30,39) (34,66) (74,37) (26,31) (33,50) (71,57) (69,30) (76,56) (25,45) (35,36) (34,56) (65,74) (32,63) (64,44) (30,40) (67,40) (75,63) (38,30) (70,40) (69,63) (25,46)

Sample 6
Class: A
Image size: 105x105
Number of points: 80
Points:
(25,41) (60,36) (30,61) (59,30) (57,69) (49,45) (36,44) (63,68) (31,57) (26,52) (20,46) (52,45) (57,29) (57,43) (36,63) (37,54) (22,50) (36,33) (29,74) (64,77) (52,54) (20,30) (36,37) (20,48) (58,42) (30,85) (46,48) (30,67) (36,56) (37,52) (35,67) (39,74) (53,61) (29,84) (50,43) (47,47) (30,31) (32,27) (62,75) (71,77) (25,44) (57,58) (55,66) (25,38) (40,51) (67,73) (28,52) (54,64) (31,54) (59,63) (38,51) (67,79) (36,38) (30,66) (58,60) (36,42) (29,82) (51,51) (30,64) (29,79) (57,51) (43,50) (20,45) (32,84) (37,53) (37,69) (41,67) (31,45) (30,70) (19,42) (60,34) (42,50) (68,74) (31,55) (36,35) (38,46) (57,45) (31,44) (25,40) (36,31)

Sample 7
Class: B
Image size: 105x105
Number of points: 80
Points:
(35,40) (63,54) (62,63) (69,73) (40,23) (56,53) (27,51) (69,64) (28,61) (53,36) (27,70) (21,69) (28,49) (24,56) (27,50) (25,78) (50,32) (27,66) (64,68) (41,15) (48,27) (55,51) (48,38) (53,35) (71,73) (59,57) (25,54) (39,20) (23,60) (41,40) (48,29) (26,76) (42,31) (22,74) (21,67) (29,58) (28,60) (61,62) (58,44) (62,52) (23,78) (64,56) (61,51) (60,59) (26,53) (40,34) (24,78) (31,53) (34,41) (65,69) (33,42) (65,57) (58,55) (54,39) (27,64) (56,52) (46,23) (57,42) (48,39) (56,41) (58,45) (27,67) (23,59) (41,24) (49,31) (41,33) (42,39) (70,73) (51,33) (36,38) (40,22) (22,76) (55,50) (53,45) (31,54) (22,75) (45,21) (48,37) (32,51) (34,49)

Sample 8
Class: C
Image size: 105x105
Number of points: 80
Points:
(62,30) (21,61) (32,73) (46,28) (54,54) (33,53) (27,63) (22,71) (51,77) (55,77) (58,47) (37,73) (63,49) (53,71) (36,73) (41,31) (46,54) (27,67) (22,43) (44,72) (64,39) (49,77) (26,31) (27,64) (38,78) (22,36) (49,71) (45,40) (41,72) (45,44) (27,33) (54,48) (41,54) (22,47) (22,72) (22,51) (27,71) (50,48) (64,35) (45,72) (61,30) (52,77) (41,33) (53,54) (22,48) (64,34) (41,32) (47,31) (47,48) (22,46) (22,42) (36,48) (58,39) (22,73) (58,38) (45,47) (43,72) (52,48) (22,58) (28,43) (64,42) (27,54) (28,38) (22,60) (27,65) (64,45) (41,35) (38,48) (58,37) (57,53) (28,39) (39,78) (47,32) (51,54) (48,77) (27,58) (57,76) (48,54) (41,30) (38,73)

Sample 9
Class: D
Image size: 105x105
Number of points: 80
Points:
(24,14) (38,51) (43,45) (48,53) (34,18) (51,51) (46,18) (47,58) (62,35) (41,59) (67,54) (67,53) (52,51) (68,34) (67,40) (69,28) (62,12) (62,37) (33,53) (63,28) (60,53) (52,45) (36,42) (32,12) (34,56) (37,41) (49,18) (56,55) (62,20) (66,44) (63,32) (58,42) (67,37) (67,36) (65,60) (70,11) (63,57) (53,18) (61,12) (69,27) (57,48) (57,55) (44,54) (62,55) (67,52) (73,11) (74,12) (48,39) (68,22) (38,48) (41,40) (46,45) (43,54) (64,60) (63,58) (60,42) (54,50) (63,59) (56,41) (34,44) (40,53) (63,30) (63,25) (71,16) (54,18) (52,40) (40,59) (50,18) (62,21) (48,58) (62,38) (25,13) (55,18) (49,39) (63,24) (42,45) (47,18) (39,40) (72,11) (39,59)

Sample 10
Class: E
Image size: 105x105
Number of points: 80
Points:
(62,35) (66,56) (55,30) (60,30) (43,59) (53,77) (55,76) (59,30) (54,71) (45,26) (51,58) (71,36) (67,46) (67,47) (36,44) (50,39) (42,32) (39,27) (48,77) (68,74) (51,71) (45,76) (62,30) (41,70) (53,27) (67,41) (73,48) (36,28) (65,58) (70,59) (41,63) (42,75) (47,31) (41,73) (46,69) (49,58) (65,37) (54,29) (61,35) (63,30) (65,57) (56,66) (67,42) (52,59) (46,59) (40,68) (55,59) (70,34) (40,67) (73,52) (33,41) (39,44) (37,44) (57,37) (44,59) (40,43) (72,37) (50,58) (41,71) (41,27) (53,59) (40,65) (58,30) (69,74) (69,33) (64,59) (32,34) (32,36) (64,61) (34,29) (56,31) (59,35) (39,32) (72,56) (54,28) (55,65) (42,26) (34,42) (66,74) (61,63)

Sample 11
Class: A
Image size: 105x105
Number of points: 80
Points:
(33,75) (41,62) (22,47) (31,19) (51,42) (21,46) (69,44) (42,60) (43,24) (52,42) (30,43) (73,74) (21,41) (64,56) (32,30) (74,70) (48,42) (44,34) (31,43) (44,33) (35,23) (44,36) (62,47) (66,73) (42,58) (38,31) (35,62) (37,47) (70,53) (65,43) (39,66) (63,70) (39,65) (28,26) (32,76) (43,20) (63,57) (32,48) (22,78) (61,42) (42,17) (34,27) (50,42) (34,74) (72,74) (33,16) (36,43) (67,74) (23,38) (62,68) (69,58) (68,43) (44,38) (71,74) (37,58) (33,65) (54,48) (64,54) (46,48) (31,48) (27,29) (29,36) (35,48) (70,54) (62,65) (64,53) (63,71) (31,20) (28,27) (28,48) (62,42) (38,30) (32,68) (37,12) (73,70) (41,61) (38,55) (38,22) (44,39) (64,48)

Sample 12
Class: B
Image size: 105x105
Number of points: 80
Points:
(84,59) (88,54) (60,19) (30,39) (58,43) (51,64) (43,37) (69,43) (53,54) (53,58) (38,37) (62,13) (34,43) (67,37) (32,44) (16,65) (70,9) (87,51) (62,29) (21,42) (54,35) (53,56) (53,36) (64,37) (71,43) (52,60) (61,43) (54,52) (47,58) (48,57) (36,43) (15,56) (50,37) (86,49) (63,38) (47,73) (45,37) (64,23) (63,43) (25,46) (47,60) (67,7) (66,43) (74,43) (50,70) (51,68) (89,58) (52,37) (21,55) (21,63) (55,46) (77,45) (15,64) (49,49) (18,45) (62,38) (19,67) (81,42) (21,52) (61,17) (76,44) (53,57) (80,49) (16,50) (59,37) (47,59) (62,15) (40,37) (15,60) (50,71) (55,45) (61,31) (83,54) (88,61) (49,37) (16,52) (65,37) (58,25) (21,57) (57,43)

Sample 13
Class: C
Image size: 105x105
Number of points: 80
Points:
(45,48) (43,52) (34,33) (25,47) (66,66) (72,50) (63,46) (61,63) (43,68) (66,29) (27,32) (47,42) (36,45) (78,41) (75,33) (36,57) (45,34) (55,34) (41,58) (25,38) (62,45) (62,29) (71,29) (67,46) (60,30) (39,45) (30,50) (69,50) (61,56) (60,36) (25,43) (58,66) (37,54) (52,71) (78,38) (40,38) (55,38) (27,33) (73,50) (73,42) (48,64) (57,72) (55,36) (30,42) (61,60) (61,43) (41,60) (34,27) (36,61) (65,68) (45,37) (43,32) (36,58) (27,49) (66,55) (47,43) (67,59) (68,45) (24,40) (74,50) (44,63) (65,34) (55,42) (59,71) (61,71) (47,45) (29,29) (37,52) (78,44) (41,30) (35,45) (24,42) (76,49) (47,41) (55,39) (31,36) (38,34) (68,29) (78,45) (67,57)

Sample 14
Class: D
Image size: 105x105
Number of points: 80
Points:
(84,22) (68,66) (64,48) (67,29) (88,25) (73,44) (51,46) (73,54) (37,34) (67,37) (67,64) (65,48) (46,64) (61,60) (60,42) (31,33) (55,41) (51,60) (73,46) (34,28) (48,59) (90,24) (29,30) (45,39) (67,52) (61,65) (36,52) (29,21) (68,41) (65,64) (81,28) (45,58) (73,48) (58,41) (73,67) (67,50) (67,81) (37,49) (83,27) (31,40) (50,59) (79,22) (72,76) (63,65) (67,74) (43,39) (75,23) (71,80) (32,59) (41,45) (30,54) (68,28) (77,29) (90,22) (86,22) (42,45) (57,60) (68,26) (47,40) (66,64) (75,29) (36,51) (31,49) (36,55) (67,68) (73,31) (85,26) (55,60) (72,75) (73,53) (67,42) (83,22) (41,39) (43,57) (63,48) (49,65) (38,48) (74,23) (62,42) (38,36)

Sample 15
Class: E
Image size: 105x105
Number of points: 80
Points:
(17,32) (65,52) (44,30) (58,37) (30,64) (29,64) (69,60) (26,24) (30,27) (86,44) (25,39) (26,32) (29,59) (40,37) (47,29) (38,58) (46,37) (67,59) (86,37) (59,38) (63,44) (56,33) (77,23) (40,41) (41,33) (41,32) (27,57) (59,39) (48,35) (26,31) (80,24) (55,32) (23,24) (58,46) (86,38) (81,59) (40,44) (24,24) (54,40) (76,27) (59,50) (26,56) (41,31) (18,29) (85,53) (40,52) (80,46) (74,55) (44,60) (23,31) (59,52) (69,55) (27,38) (23,61) (75,26) (34,65) (78,55) (86,42) (85,52) (35,64) (28,25) (85,28) (25,54) (40,49) (85,50) (84,54) (18,52) (49,29) (24,30) (23,44) (78,60) (30,29) (23,41) (24,62) (26,64) (66,59) (83,57) (46,44) (17,48) (45,56)

Sample 16
Class: A
Image size: 105x105
Number of points: 80
Points:
(53,54) (38,72) (36,77) (31,71) (45,33) (28,34) (31,44) (37,77) (37,46) (33,72) (35,77) (41,41) (41,38) (48,69) (38,46) (62,40) (31,42) (56,63) (51,27) (35,37) (42,43) (46,75) (55,59) (30,35) (41,39) (40,31) (24,61) (39,47) (54,25) (44,27) (56,69) (55,26) (39,72) (34,77) (47,75) (56,64) (51,64) (26,74) (24,69) (56,29) (51,52) (46,25) (40,77) (26,53) (25,71) (21,38) (25,60) (42,29) (44,76) (24,39) (50,74) (30,65) (32,43) (30,63) (46,24) (33,36) (46,55) (34,37) (25,70) (60,27) (26,54) (41,49) (22,34) (52,73) (30,59) (30,48) (27,34) (43,28) (23,39) (41,71) (28,39) (55,28) (19,36) (52,53) (30,66) (45,75) (55,70) (25,57) (47,56) (30,60)

Sample 17
Class: B
Image size: 105x105
Number of points: 80
Points:
(26,68) (73,58) (55,26) (43,62) (22,69) (39,41) (56,26) (34,36) (61,41) (22,44) (82,45) (62,46) (63,24) (43,33) (26,59) (82,49) (74,28) (28,33) (35,67) (57,26) (78,31) (67,57) (24,38) (39,48) (20,51) (70,52) (21,46) (55,34) (82,47) (27,44) (21,45) (39,59) (31,62) (77,30) (46,27) (43,34) (20,65) (45,27) (34,30) (58,52) (24,69) (45,51) (45,54) (36,62) (76,50) (80,56) (52,32) (39,46) (76,51) (50,32) (45,42) (29,62) (60,54) (65,57) (82,43) (43,27) (39,38) (57,49) (32,62) (70,27) (38,37) (56,43) (75,37) (71,32) (56,40) (76,42) (26,45) (62,32) (45,55) (81,35) (67,32) (57,48) (76,57) (81,38) (81,55) (74,58) (82,46) (75,28) (62,49) (69,26)

Sample 18
Class: C
Image size: 105x105
Number of points: 80
Points:
(47,66) (45,29) (68,67) (47,36) (62,58) (60,74) (8,66) (59,74) (47,64) (23,65) (61,57) (33,41) (46,29) (32,59) (49,48) (63,61) (28,38) (33,40) (17,54) (24,64) (67,71) (52,36) (69,63) (54,58) (25,60) (62,52) (68,59) (33,48) (27,70) (52,72) (49,51) (69,60) (9,61) (49,45) (33,53) (53,39) (33,45) (48,55) (59,51) (54,48) (33,46) (35,36) (33,49) (21,69) (14,68) (22,74) (62,74) (23,67) (23,74) (26,59) (68,58) (27,46) (63,66) (37,35) (47,68) (68,66) (32,58) (24,57) (43,34) (16,61) (68,69) (29,36) (9,68) (47,67) (51,32) (44,34) (15,62) (59,57) (34,38) (14,63) (63,74) (16,74) (51,33) (29,67) (58,74) (54,50) (19,59) (62,68) (59,69) (52,34)

Sample 19
Class: D
Image size: 105x105
Number of points: 80
Points:
(26,38) (59,8) (65,29) (25,8) (67,40) (39,51) (76,12) (41,7) (56,17) (67,36) (51,42) (31,42) (43,49) (42,12) (57,32) (57,33) (69,21) (38,34) (49,34) (51,29) (30,55) (46,48) (47,7) (27,51) (40,51) (65,28) (68,7) (70,27) (55,8) (31,45) (37,34) (51,22) (50,18) (27,52) (68,48) (37,12) (57,28) (23,8) (31,47) (69,52) (33,12) (65,30) (57,25) (72,51) (40,56) (40,34) (18,12) (32,48) (49,45) (72,33) (38,51) (80,11) (46,53) (42,56) (44,55) (56,42) (54,8) (30,35) (26,41) (51,32) (74,6) (19,13) (50,14) (57,29) (41,40) (26,13) (62,14) (31,12) (40,12) (21,8) (64,23) (58,8) (73,40) (67,43) (40,7) (49,52) (70,28) (72,49) (28,12) (45,48)

Sample 20
Class: E
Image size: 105x105
Number of points: 80
Points:
(29,57) (59,40) (60,41) (69,43) (34,70) (31,68) (68,41) (36,71) (50,60) (44,31) (34,59) (34,56) (60,69) (70,49) (64,60) (66,66) (70,51) (69,60) (64,49) (54,64) (32,50) (64,53) (69,61) (64,45) (64,56) (36,65) (37,71) (51,61) (63,69) (34,57) (34,63) (44,64) (70,59) (42,71) (64,46) (41,66) (64,38) (35,50) (44,32) (46,62) (70,56) (59,64) (52,35) (69,63) (62,36) (64,68) (48,34) (39,71) (31,51) (29,61) (62,63) (58,39) (49,60) (49,35) (70,48) (61,64) (37,55) (51,30) (64,59) (30,67) (34,58) (49,68) (39,66) (45,70) (64,57) (47,34) (63,44) (61,35) (50,29) (67,40) (64,61) (56,31) (47,68) (70,55) (39,54) (38,71) (30,66) (45,34) (59,33) (45,30)

Sample 21
Class: A
Image size: 105x105
Number of points: 80
Points:
(44,46) (42,67) (74,35) (21,67) (43,64) (41,20) (51,32) (38,24) (71,44) (45,40) (54,36) (31,76) (28,82) (35,74) (20,61) (31,34) (47,46) (54,42) (74,47) (68,34) (65,28) (70,42) (50,60) (48,65) (49,30) (17,71) (22,82) (33,75) (44,23) (17,73) (18,79) (76,42) (33,36) (72,46) (15,62) (39,20) (14,54) (18,78) (45,60) (29,39) (26,33) (17,74) (47,54) (72,30) (23,74) (23,76) (17,72) (18,77) (44,24) (20,57) (48,28) (15,57) (52,55) (35,44) (35,54) (36,53) (67,33) (19,80) (37,52) (55,35) (30,76) (53,52) (48,38) (42,66) (41,68) (75,38) (63,35) (67,27) (76,46) (38,40) (30,40) (41,28) (53,50) (48,49) (15,58) (47,67) (37,39) (19,52) (45,45) (74,34)

Sample 22
Class: B
Image size: 105x105
Number of points: 80
Points:
(42,63) (62,48) (56,51) (46,66) (85,49) (25,61) (62,51) (48,66) (22,49) (21,47) (21,39) (83,53) (75,59) (29,69) (34,70) (42,68) (35,70) (64,54) (58,44) (53,63) (88,32) (68,60) (85,50) (82,32) (23,51) (53,57) (30,64) (15,39) (71,54) (57,45) (61,46) (15,34) (47,66) (81,46) (61,59) (21,65) (86,45) (85,51) (23,66) (65,60) (18,51) (15,38) (74,59) (78,51) (80,47) (34,64) (87,29) (24,67) (86,47) (19,58) (33,70) (60,44) (24,59) (18,31) (20,32) (63,59) (55,62) (17,50) (56,48) (63,54) (46,61) (71,59) (82,37) (83,28) (82,36) (78,57) (39,69) (38,69) (87,28) (82,35) (88,31) (81,42) (51,59) (56,61) (22,48) (36,69) (23,55) (32,64) (33,64) (21,37)

Sample 23
Class: C
Image size: 105x105
Number of points: 80
Points:
(60,57) (62,46) (51,43) (52,43) (62,45) (52,66) (37,26) (48,52) (50,29) (62,49) (50,43) (35,44) (61,40) (61,56) (56,38) (55,36) (42,28) (43,22) (36,65) (53,32) (62,48) (45,49) (62,43) (45,52) (48,28) (56,37) (40,67) (37,37) (54,61) (40,46) (38,34) (41,54) (31,39) (60,59) (53,48) (54,33) (49,28) (42,29) (54,25) (51,75) (59,31) (53,62) (48,75) (43,27) (54,58) (31,41) (49,57) (62,42) (59,61) (37,25) (42,52) (55,51) (36,39) (61,39) (59,30) (46,70) (53,65) (59,60) (45,56) (52,67) (49,43) (43,49) (32,35) (42,68) (51,68) (44,75) (60,35) (54,48) (56,72) (53,63) (43,52) (45,75) (50,75) (47,48) (48,57) (35,29) (44,69) (58,66) (38,65) (56,40)

Sample 24
Class: D
Image size: 105x105
Number of points: 80
Points:
(25,41) (60,78) (63,78) (23,48) (40,49) (38,42) (25,42) (33,53) (76,15) (56,19) (37,34) (62,58) (59,45) (18,47) (63,68) (28,49) (59,36) (70,19) (56,51) (57,58) (49,53) (62,22) (71,19) (24,44) (59,48) (23,15) (44,19) (29,49) (66,20) (28,33) (36,21) (21,21) (64,34) (59,76) (44,26) (64,36) (44,31) (37,16) (58,28) (23,24) (57,57) (58,30) (28,55) (30,54) (18,50) (16,17) (56,21) (53,53) (46,53) (62,21) (57,63) (63,54) (24,54) (21,36) (44,52) (70,14) (40,14) (43,16) (72,14) (34,53) (63,29) (57,61) (28,25) (20,53) (64,42) (32,54) (41,14) (53,48) (58,55) (18,51) (23,32) (22,33) (32,48) (28,28) (63,69) (64,41) (58,32) (18,46) (63,70) (42,15)

Sample 25
Class: E
Image size: 105x105
Number of points: 80
Points:
(46,34) (49,56) (49,53) (83,60) (72,58) (52,37) (77,46) (59,73) (80,32) (54,45) (50,82) (35,46) (49,86) (79,46) (55,52) (59,31) (35,49) (84,64) (66,69) (74,29) (76,40) (81,58) (78,30) (36,42) (49,57) (54,41) (62,32) (69,29) (34,26) (64,43) (55,50) (54,74) (68,53) (64,41) (53,34) (66,46) (83,70) (50,83) (42,36) (83,62) (49,59) (36,45) (77,62) (40,24) (46,29) (35,52) (78,63) (80,57) (76,38) (60,71) (55,47) (59,25) (44,43) (55,62) (68,72) (49,77) (66,78) (55,59) (46,43) (78,67) (46,23) (47,30) (49,55) (79,31) (81,41) (58,84) (49,48) (70,52) (58,25) (69,52) (60,26) (55,70) (52,36) (35,48) (83,68) (54,43) (37,29) (34,51) (65,68) (41,43)

Sample 26
Class: A
Image size: 105x105
Number of points: 80
Points:
(46,43) (42,44) (54,42) (32,72) (55,69) (36,65) (56,68) (53,45) (40,49) (23,82) (31,73) (41,81) (46,37) (44,38) (45,37) (23,45) (48,64) (40,79) (48,82) (57,77) (37,46) (41,82) (40,45) (59,63) (61,62) (36,47) (66,60) (66,64) (55,81) (53,84) (46,80) (46,79) (52,33) (62,68) (36,64) (31,43) (28,75) (50,61) (61,34) (42,57) (49,52) (55,38) (56,79) (30,48) (25,83) (42,70) (23,46) (48,54) (47,36) (27,49) (53,33) (52,76) (36,62) (29,75) (38,46) (53,74) (51,49) (43,74) (32,79) (52,39) (38,50) (49,63) (50,79) (41,83) (61,69) (31,48) (33,78) (58,65) (44,88) (36,67) (30,80) (28,49) (37,55) (36,59) (65,60) (43,52) (41,60) (60,62) (46,66) (46,58)

Sample 27
Class: B
Image size: 105x105
Number of points: 80
Points:
(27,59) (29,44) (46,66) (48,71) (31,77) (79,50) (50,69) (80,48) (39,76) (26,67) (52,68) (40,32) (73,46) (49,18) (72,46) (55,64) (49,23) (34,77) (23,75) (30,52) (21,62) (36,45) (72,65) (67,53) (40,40) (35,39) (26,70) (72,56) (27,46) (27,58) (73,63) (35,77) (41,31) (42,27) (59,60) (70,65) (61,59) (38,43) (37,77) (49,19) (67,62) (28,56) (31,42) (51,61) (39,42) (43,20) (43,26) (64,51) (62,48) (69,64) (58,53) (47,72) (26,63) (29,77) (37,71) (46,14) (54,57) (45,33) (59,51) (43,75) (64,53) (22,74) (73,61) (22,73) (26,66) (28,76) (26,48) (20,66) (66,61) (43,21) (48,24) (54,66) (22,59) (49,70) (55,56) (43,18) (44,35) (67,51) (37,36) (27,76)

Sample 28
Class: C
Image size: 105x105
Number of points: 80
Points:
(56,67) (57,73) (34,55) (14,62) (46,36) (51,31) (23,62) (32,45) (19,64) (56,61) (14,71) (31,73) (43,50) (17,74) (32,72) (61,60) (49,55) (60,67) (52,38) (50,54) (28,42) (19,66) (45,57) (33,63) (32,49) (51,65) (37,43) (56,30) (27,66) (52,54) (55,67) (37,53) (27,74) (27,64) (68,66) (48,43) (43,42) (43,62) (21,69) (19,63) (32,70) (24,56) (14,68) (64,56) (58,59) (44,54) (31,37) (23,56) (28,74) (52,37) (56,72) (44,40) (41,58) (38,54) (33,48) (54,30) (43,49) (59,73) (46,46) (20,57) (63,66) (18,74) (19,74) (55,53) (20,62) (69,65) (62,61) (55,30) (46,68) (51,63) (61,54) (69,64) (27,68) (55,35) (13,64) (33,39) (65,57) (56,53) (49,41) (47,70)

Sample 29
Class: D
Image size: 105x105
Number of points: 80
Points:
(67,48) (31,36) (81,11) (68,32) (58,39) (70,62) (35,17) (34,17) (77,12) (42,46) (24,15) (50,45) (71,61) (28,40) (73,43) (68,54) (32,46) (35,53) (33,17) (73,19) (68,60) (32,11) (67,51) (28,45) (73,51) (55,39) (30,11) (41,56) (48,11) (57,10) (40,54) (73,48) (67,16) (68,57) (73,52) (65,14) (66,15) (73,37) (73,50) (66,44) (80,11) (27,17) (73,58) (73,46) (37,11) (67,49) (54,10) (76,12) (73,49) (51,45) (55,10) (73,55) (67,45) (68,35) (81,7) (48,40) (73,21) (71,7) (40,58) (28,11) (83,9) (56,44) (65,38) (58,10) (68,53) (56,10) (83,10) (67,8) (74,29) (28,42) (47,16) (78,12) (55,44) (41,40) (47,45) (39,40) (38,40) (40,53) (73,38) (46,16)

Sample 30
Class: E
Image size: 105x105
Number of points: 80
Points:
(54,48) (46,42) (52,48) (45,33) (39,58) (70,35) (48,64) (62,23) (66,59) (67,23) (59,38) (66,44) (60,54) (60,57) (56,48) (61,43) (53,48) (43,42) (60,63) (34,36) (37,38) (65,44) (49,40) (52,33) (44,38) (61,33) (59,64) (66,57) (44,60) (41,33) (61,25) (45,63) (66,53) (60,43) (66,50) (60,60) (66,23) (69,37) (70,33) (65,29) (38,33) (70,49) (56,64) (71,43) (71,49) (49,69) (60,56) (62,27) (36,38) (66,58) (70,26) (56,42) (69,43) (70,36) (55,48) (70,34) (58,69) (63,28) (48,33) (40,46) (57,38) (39,61) (44,58) (57,49) (64,38) (60,58) (55,64) (39,63) (65,38) (35,37) (60,38) (49,33) (54,64) (43,48) (35,35) (58,43) (51,69) (65,65) (64,28) (74,48)

Sample 31
Class: A
Image size: 105x105
Number of points: 80
Points:
(81,72) (18,40) (47,76) (37,63) (82,71) (76,67) (61,30) (53,55) (74,78) (59,58) (74,69) (45,53) (62,61) (42,61) (77,37) (30,51) (44,58) (76,40) (92,70) (84,66) (48,45) (29,44) (51,37) (66,66) (18,31) (85,71) (48,61) (83,71) (47,70) (61,36) (44,59) (54,45) (54,46) (49,42) (50,54) (74,79) (67,32) (87,65) (59,57) (72,33) (73,70) (50,41) (70,30) (72,47) (49,58) (41,74) (77,73) (13,30) (18,32) (27,41) (79,72) (84,71) (54,43) (91,66) (71,42) (52,54) (46,51) (74,25) (22,43) (63,35) (41,60) (31,45) (68,71) (52,53) (54,48) (54,58) (80,66) (68,70) (65,80) (59,56) (30,52) (25,47) (34,57) (75,68) (77,67) (19,34) (82,66) (57,52) (60,30) (86,71)

Sample 32
Class: B
Image size: 105x105
Number of points: 80
Points:
(84,28) (55,66) (46,25) (61,7) (87,31) (37,56) (78,57) (44,57) (66,64) (29,45) (87,34) (50,25) (68,27) (82,37) (61,29) (24,42) (39,57) (59,89) (78,30) (29,52) (35,56) (82,60) (46,63) (55,38) (61,31) (61,71) (60,86) (55,51) (68,64) (77,58) (61,65) (61,51) (88,48) (41,26) (73,64) (55,80) (82,39) (43,25) (87,55) (62,27) (61,55) (61,18) (32,54) (55,12) (54,19) (60,85) (39,62) (61,15) (55,72) (56,5) (88,44) (42,25) (71,58) (76,29) (50,19) (53,64) (49,25) (60,5) (74,28) (82,52) (61,48) (61,41) (65,58) (75,58) (38,62) (64,58) (88,50) (35,61) (29,51) (87,54) (36,56) (82,44) (60,6) (81,54) (67,64) (27,33) (33,55) (27,34) (61,52) (61,84)

Sample 33
Class: C
Image size: 105x105
Number of points: 80
Points:
(63,63) (54,45) (40,40) (46,38) (42,70) (47,45) (45,50) (57,46) (42,78) (47,51) (63,59) (51,51) (56,61) (45,36) (50,61) (63,61) (59,66) (46,50) (42,49) (62,52) (47,73) (45,30) (40,38) (47,72) (52,61) (51,61) (49,67) (45,33) (58,55) (42,27) (58,59) (40,37) (45,31) (62,50) (63,62) (42,48) (63,55) (55,61) (51,45) (55,51) (43,63) (45,32) (50,51) (40,29) (40,41) (43,79) (63,58) (43,66) (44,50) (46,43) (43,64) (40,31) (58,58) (41,44) (52,51) (47,62) (63,56) (44,28) (46,37) (49,45) (43,27) (46,39) (57,52) (45,35) (58,46) (48,68) (46,77) (42,76) (54,61) (46,41) (63,57) (47,76) (42,72) (58,66) (58,56) (40,35) (50,67) (47,75) (53,45) (44,29)

Sample 34
Class: D
Image size: 105x105
Number of points: 80
Points:
(68,10) (63,47) (45,22) (31,7) (38,34) (51,67) (38,68) (55,66) (58,38) (60,33) (48,6) (42,69) (55,27) (69,50) (35,58) (65,21) (46,34) (35,64) (64,35) (63,46) (60,16) (38,73) (42,66) (55,71) (51,36) (29,8) (46,68) (39,29) (46,24) (30,7) (72,7) (41,27) (30,13) (55,37) (29,31) (63,34) (29,11) (72,9) (35,6) (60,29) (63,49) (47,27) (70,10) (49,12) (72,8) (69,45) (63,50) (45,64) (40,64) (30,60) (68,39) (46,6) (29,9) (45,34) (29,10) (66,66) (30,67) (29,33) (54,36) (39,6) (37,29) (63,41) (65,36) (60,64) (63,23) (56,65) (30,61) (41,14) (45,73) (53,12) (51,29) (38,58) (56,12) (65,6) (36,14) (69,46) (40,28) (63,43) (50,29) (31,58)

Sample 35
Class: E
Image size: 105x105
Number of points: 80
Points:
(57,63) (63,30) (37,43) (26,38) (27,69) (70,37) (59,62) (62,58) (66,51) (28,57) (69,57) (25,36) (42,49) (35,32) (37,33) (28,41) (33,27) (43,45) (33,42) (42,66) (25,58) (43,44) (36,64) (35,67) (32,42) (37,48) (49,68) (68,47) (24,65) (40,65) (24,60) (25,69) (54,68) (27,41) (73,41) (30,57) (24,62) (31,36) (66,50) (43,41) (31,35) (50,68) (67,41) (66,40) (31,63) (63,65) (24,59) (41,51) (40,56) (63,37) (31,42) (37,44) (72,39) (37,45) (43,43) (43,32) (31,56) (41,65) (27,57) (70,54) (37,35) (44,61) (34,55) (38,27) (67,49) (46,62) (36,36) (46,67) (24,68) (29,64) (61,30) (37,46) (30,61) (72,51) (43,33) (23,64) (52,68) (45,37) (32,69) (61,60)

Sample 36
Class: A
Image size: 105x105
Number of points: 80
Points:
(54,27) (38,64) (47,43) (44,68) (49,41) (39,23) (48,44) (56,58) (49,45) (58,57) (48,42) (67,50) (61,47) (58,82) (47,82) (50,77) (38,62) (39,43) (61,52) (50,20) (55,86) (61,40) (61,62) (39,71) (61,51) (40,58) (43,60) (58,24) (49,25) (48,66) (60,33) (48,60) (50,60) (39,40) (44,28) (45,60) (38,59) (52,20) (66,54) (40,75) (53,60) (39,73) (50,84) (38,66) (66,38) (38,69) (61,43) (48,83) (47,19) (47,25) (42,34) (65,31) (67,47) (55,65) (67,48) (66,53) (65,56) (62,61) (59,56) (38,67) (53,85) (39,41) (33,42) (34,45) (45,72) (65,57) (45,66) (67,46) (44,27) (67,39) (44,20) (51,45) (48,25) (61,36) (33,43) (42,78) (51,25) (61,26) (33,40) (61,37)

Sample 37
Class: B
Image size: 105x105
Number of points: 80
Points:
(65,34) (21,42) (18,63) (63,26) (26,46) (67,43) (29,35) (26,43) (61,22) (21,41) (18,59) (62,57) (66,41) (31,33) (59,20) (25,32) (56,19) (67,64) (24,58) (46,24) (47,19) (22,73) (24,54) (62,23) (24,56) (18,64) (33,25) (24,60) (63,28) (20,46) (44,25) (25,48) (62,24) (24,34) (67,48) (27,40) (61,42) (37,28) (66,38) (24,53) (62,25) (24,61) (67,53) (19,55) (61,40) (28,38) (49,19) (24,52) (42,26) (18,68) (67,50) (62,62) (66,37) (52,18) (39,27) (23,72) (63,30) (44,20) (67,49) (36,23) (26,47) (18,61) (29,36) (65,33) (24,59) (26,42) (63,66) (63,29) (26,44) (67,46) (68,60) (25,33) (19,51) (67,66) (19,52) (23,38) (61,50) (67,54) (19,71) (60,35)

Sample 38
Class: C
Image size: 105x105
Number of points: 80
Points:
(34,73) (55,42) (45,56) (54,30) (44,72) (45,63) (24,66) (44,70) (40,36) (26,78) (40,56) (40,53) (40,25) (26,80) (40,28) (25,37) (40,27) (60,34) (54,36) (58,26) (40,31) (24,39) (39,65) (52,28) (24,45) (59,40) (57,41) (46,53) (45,28) (40,51) (58,40) (24,42) (46,31) (50,43) (45,58) (40,46) (40,73) (40,60) (25,81) (46,48) (40,30) (51,43) (33,36) (24,82) (30,73) (27,75) (53,42) (22,82) (41,22) (53,37) (44,19) (29,73) (21,76) (60,31) (32,73) (40,49) (46,44) (39,61) (24,44) (33,41) (22,65) (21,70) (56,41) (39,66) (38,42) (21,67) (26,79) (21,77) (46,49) (49,19) (55,33) (34,36) (41,20) (29,36) (60,33) (21,73) (44,69) (46,30) (23,82) (23,65)

Sample 39
Class: D
Image size: 105x105
Number of points: 80
Points:
(60,71) (55,73) (46,73) (34,51) (53,53) (42,51) (77,16) (29,55) (25,17) (39,31) (56,73) (50,53) (29,39) (49,53) (41,73) (31,14) (43,73) (53,68) (38,42) (51,53) (73,24) (67,41) (58,15) (64,70) (37,62) (40,72) (67,28) (34,35) (68,13) (43,42) (67,30) (50,36) (50,15) (37,42) (26,18) (57,73) (37,27) (73,23) (65,70) (64,57) (41,67) (51,36) (48,68) (42,59) (53,59) (25,42) (51,20) (45,59) (29,20) (50,74) (37,23) (45,14) (28,54) (64,52) (73,32) (59,58) (67,52) (53,20) (63,35) (45,68) (41,34) (34,34) (33,31) (43,52) (62,66) (54,15) (65,19) (51,74) (60,41) (39,32) (32,63) (60,19) (44,68) (63,19) (73,28) (41,20) (49,68) (62,35) (61,66) (51,41)

Sample 40
Class: E
Image size: 105x105
Number of points: 80
Points:
(65,52) (48,36) (42,58) (67,61) (64,40) (62,61) (37,48) (56,45) (42,50) (60,32) (36,62) (41,72) (64,70) (69,32) (43,47) (42,54) (41,69) (62,41) (69,65) (54,45) (59,50) (59,52) (62,44) (61,58) (59,26) (35,71) (41,68) (40,75) (35,72) (64,50) (36,76) (36,64) (36,66) (51,45) (58,31) (60,55) (63,46) (40,37) (64,48) (39,37) (36,53) (39,77) (39,44) (31,42) (46,45) (60,56) (67,77) (45,36) (61,57) (41,73) (47,45) (36,65) (67,29) (56,29) (69,33) (38,77) (41,71) (61,27) (43,36) (52,36) (59,49) (65,73) (64,72) (35,69) (36,37) (69,66) (34,43) (68,63) (31,41) (69,71) (52,45) (31,39) (62,32) (55,45) (54,36) (56,30) (64,69) (35,43) (32,38) (68,62)

Sample 41
Class: A
Image size: 105x105
Number of points: 80
Points:
(31,32) (44,32) (32,15) (47,45) (49,73) (36,30) (31,36) (23,47) (37,84) (28,66) (31,17) (37,83) (47,56) (31,35) (23,64) (37,85) (37,86) (41,29) (47,47) (52,42) (44,25) (34,58) (19,62) (37,27) (47,76) (36,38) (52,41) (26,66) (51,37) (36,29) (47,42) (33,60) (21,62) (26,59) (52,65) (31,29) (53,54) (29,56) (46,79) (31,23) (31,50) (53,51) (31,16) (35,53) (21,55) (31,31) (36,46) (46,40) (15,58) (31,34) (21,54) (25,59) (31,30) (47,44) (47,53) (37,82) (47,46) (37,34) (40,78) (31,27) (39,80) (50,71) (36,28) (47,52) (28,58) (47,78) (27,66) (41,86) (48,75) (18,61) (31,63) (45,35) (51,36) (15,55) (31,25) (47,61) (31,51) (22,53) (53,59) (48,74)

Sample 42
Class: B
Image size: 105x105
Number of points: 80
Points:
(23,37) (49,12) (74,37) (74,35) (48,66) (54,63) (20,32) (55,45) (49,37) (49,19) (44,36) (49,60) (13,45) (44,30) (45,36) (49,61) (51,85) (55,23) (54,68) (54,8) (75,42) (19,39) (61,30) (19,45) (48,79) (13,48) (49,43) (48,73) (35,31) (49,54) (49,24) (55,9) (53,83) (55,22) (49,9) (63,36) (32,36) (55,15) (55,20) (13,46) (49,63) (24,37) (54,61) (55,47) (19,48) (49,46) (55,26) (54,70) (48,71) (25,31) (20,37) (55,38) (55,25) (48,64) (14,35) (26,31) (13,40) (49,22) (19,49) (49,20) (47,36) (55,27) (13,49) (46,30) (49,51) (55,19) (69,31) (48,30) (64,30) (50,8) (30,31) (54,60) (69,41) (48,67) (54,65) (61,36) (32,31) (75,43) (58,30) (66,36)

Sample 43
Class: C
Image size: 105x105
Number of points: 80
Points:
(39,71) (46,32) (45,73) (42,27) (48,44) (52,50) (59,40) (58,57) (40,28) (43,40) (54,68) (37,61) (57,63) (38,29) (41,56) (59,53) (44,56) (59,45) (55,27) (52,70) (51,60) (36,34) (59,46) (53,33) (59,39) (42,32) (58,60) (56,66) (45,32) (36,38) (53,69) (46,26) (52,27) (49,26) (36,39) (56,65) (45,55) (40,46) (43,48) (36,33) (58,34) (44,27) (47,60) (50,50) (59,37) (39,44) (42,39) (49,50) (59,43) (42,73) (48,73) (43,67) (41,47) (47,73) (42,56) (54,27) (51,71) (57,62) (39,57) (37,65) (46,49) (56,28) (59,54) (53,41) (45,43) (46,44) (58,30) (38,70) (48,26) (37,68) (41,36) (38,42) (59,42) (42,65) (42,38) (41,35) (44,42) (42,62) (42,64) (59,48)

Sample 44
Class: D
Image size: 105x105
Number of points: 80
Points:
(47,14) (45,57) (58,26) (52,13) (35,7) (34,47) (63,7) (62,23) (68,56) (66,34) (55,7) (68,33) (32,7) (39,39) (56,32) (77,10) (62,16) (41,56) (62,24) (37,49) (60,53) (39,8) (41,13) (68,28) (74,8) (27,8) (68,22) (39,55) (35,48) (32,39) (66,51) (52,8) (58,59) (75,8) (54,54) (37,13) (36,43) (47,8) (51,59) (40,8) (41,50) (35,13) (42,31) (54,27) (60,32) (49,33) (61,32) (45,51) (47,28) (62,15) (38,13) (77,11) (54,13) (26,11) (59,13) (44,51) (32,52) (59,32) (28,47) (26,13) (65,56) (44,36) (68,16) (31,52) (56,27) (73,8) (55,13) (54,32) (71,7) (68,18) (50,13) (60,26) (35,36) (28,44) (58,54) (30,8) (52,32) (71,13) (66,7) (34,46)

Sample 45
Class: E
Image size: 105x105
Number of points: 80
Points:
(66,62) (44,69) (54,68) (48,44) (69,32) (71,62) (44,33) (64,36) (34,35) (57,25) (60,29) (65,42) (69,35) (34,39) (81,58) (56,56) (35,32) (53,44) (29,31) (66,26) (69,29) (42,62) (64,35) (64,32) (43,52) (57,27) (43,28) (50,38) (48,70) (62,61) (55,58) (57,65) (36,27) (41,57) (36,61) (52,38) (81,54) (39,41) (59,38) (39,45) (76,45) (53,62) (45,37) (39,27) (46,44) (77,47) (58,65) (76,59) (45,64) (36,32) (55,57) (44,36) (54,60) (39,39) (63,67) (73,67) (57,26) (42,55) (48,64) (37,54) (50,69) (60,65) (38,51) (76,57) (70,44) (56,38) (34,27) (79,50) (64,42) (43,29) (52,63) (65,67) (63,43) (39,38) (38,33) (47,44) (74,43) (57,44) (67,67) (30,29)

Sample 46
Class: A
Image size: 105x105
Number of points: 80
Points:
(72,34) (57,70) (37,54) (74,49) (74,30) (35,31) (47,36) (62,73) (42,45) (45,50) (51,73) (53,19) (67,49) (28,70) (65,69) (37,28) (34,32) (70,63) (26,68) (42,44) (29,31) (63,63) (37,20) (39,25) (78,21) (27,36) (52,76) (49,19) (61,66) (53,62) (39,19) (71,46) (53,79) (48,33) (37,27) (40,48) (71,45) (58,22) (50,19) (69,28) (50,72) (71,25) (39,51) (33,24) (44,52) (36,55) (44,25) (66,47) (43,43) (70,27) (56,29) (32,59) (48,63) (58,69) (39,50) (33,35) (62,72) (75,52) (71,43) (43,42) (32,27) (54,70) (70,54) (55,19) (68,31) (57,78) (27,35) (27,70) (46,25) (35,64) (48,24) (73,48) (47,45) (49,30) (38,25) (46,47) (74,59) (44,19) (51,38) (27,34)

Sample 47
Class: B
Image size: 105x105
Number of points: 80
Points:
(38,36) (50,86) (23,28) (52,45) (40,36) (35,30) (25,20) (29,25) (46,50) (46,57) (52,54) (49,31) (52,53) (45,64) (46,49) (55,86) (51,70) (59,83) (33,30) (46,62) (51,74) (32,36) (48,31) (51,58) (29,28) (29,23) (52,38) (24,22) (52,41) (41,36) (34,30) (46,81) (52,44) (24,32) (46,82) (53,81) (23,29) (45,71) (31,30) (46,44) (51,62) (23,23) (46,56) (47,85) (51,56) (47,31) (23,26) (57,81) (46,43) (28,35) (51,34) (46,53) (42,36) (46,37) (46,39) (35,36) (32,30) (57,86) (26,35) (52,37) (45,36) (58,85) (37,36) (45,75) (28,22) (51,33) (51,86) (29,36) (23,25) (45,30) (59,84) (45,69) (46,41) (45,66) (36,36) (51,69) (51,64) (24,21) (45,78) (23,30)

Sample 48
Class: C
Image size: 105x105
Number of points: 80
Points:
(44,62) (61,43) (39,33) (42,50) (36,36) (50,44) (26,47) (30,50) (32,51) (44,65) (55,42) (61,33) (38,63) (43,53) (61,46) (42,39) (30,46) (51,46) (44,68) (39,69) (42,49) (51,32) (44,71) (66,48) (29,50) (39,72) (66,40) (61,42) (61,53) (55,32) (47,38) (62,33) (59,33) (56,45) (37,53) (61,47) (38,56) (36,41) (58,53) (38,62) (44,69) (43,52) (26,48) (64,52) (40,75) (37,54) (50,41) (43,54) (36,44) (43,75) (44,73) (48,32) (35,51) (36,52) (46,38) (65,36) (44,66) (60,38) (58,38) (50,40) (55,39) (66,37) (50,32) (42,48) (59,53) (33,51) (51,45) (55,40) (37,34) (38,59) (61,44) (58,32) (66,47) (60,53) (36,38) (56,38) (29,46) (51,47) (57,53) (39,66)

Sample 49
Class: D
Image size: 105x105
Number of points: 80
Points:
(34,42) (39,63) (39,43) (38,62) (40,34) (44,24) (35,59) (33,51) (29,4) (42,59) (33,46) (20,8) (53,45) (25,10) (24,10) (42,65) (50,65) (72,5) (74,6) (41,64) (50,26) (45,60) (35,37) (33,45) (43,21) (51,41) (55,54) (44,65) (34,53) (42,4) (37,10) (33,44) (73,9) (58,43) (34,43) (52,35) (42,14) (68,4) (39,53) (44,22) (34,40) (33,4) (42,36) (41,30) (51,31) (45,25) (39,55) (71,5) (42,12) (45,9) (51,29) (33,49) (51,33) (59,45) (61,5) (61,10) (47,11) (53,44) (52,58) (39,40) (22,5) (41,58) (30,10) (49,5) (40,57) (46,9) (43,59) (43,65) (37,4) (63,10) (67,10) (45,5) (42,17) (39,4) (60,50) (48,38) (66,10) (50,23) (49,39) (60,51)

Sample 50
Class: E
Image size: 105x105
Number of points: 80
Points:
(29,60) (72,53) (72,66) (73,35) (48,71) (51,26) (75,43) (23,52) (58,59) (39,65) (77,56) (74,39) (58,58) (35,65) (20,63) (73,50) (40,50) (73,38) (80,44) (55,72) (38,32) (54,46) (45,26) (17,53) (43,31) (50,64) (19,42) (51,42) (53,68) (75,42) (51,70) (51,41) (53,45) (62,68) (54,54) (33,60) (50,24) (49,71) (47,21) (44,36) (53,39) (48,65) (57,42) (52,44) (57,65) (79,47) (63,76) (53,76) (71,67) (80,45) (41,55) (41,52) (60,50) (71,57) (31,42) (23,58) (59,47) (60,60) (31,66) (34,65) (19,33) (46,21) (32,60) (69,68) (35,52) (66,63) (39,46) (40,47) (50,71) (75,33) (24,59) (24,32) (79,49) (18,46) (54,67) (23,49) (18,45) (64,68) (75,40) (40,37)
